id,prediction
0.0,0.0
1.0,0.0
2.0,0.0
3.0,33.424529682591256
4.0,319.78321781608315
5.0,866.1508327872393
6.0,1821.398203819177
7.0,2607.491974806636
8.0,2833.4205207079976
9.0,2672.6643651505615
10.0,2704.5564288674914
11.0,2669.144825417364
12.0,2131.299950467667
13.0,2326.1262573494105
14.0,2219.599115233961
15.0,1592.87566703981
16.0,1108.963790893095
17.0,534.5241059542577
18.0,203.9894226337916
19.0,3.588052840876126
20.0,0.0
21.0,0.0
22.0,0.0
23.0,0.0
24.0,0.0
25.0,0.0
26.0,0.0
27.0,189.30304570756292
28.0,751.2002065497499
29.0,1432.9044593780147
30.0,1989.531256525473
31.0,2873.2482230999444
32.0,3742.804651587434
33.0,4072.2616500386052
34.0,4095.680400628924
35.0,4213.0178622435005
36.0,3888.4464173775896
37.0,3501.3843784047576
38.0,3156.7870733556006
39.0,2662.629088822592
40.0,1766.2482703058347
41.0,738.1226932960701
42.0,352.29212194071005
43.0,74.54310635503477
44.0,0.0
45.0,0.0
46.0,0.0
47.0,0.0
48.0,0.0
49.0,0.0
50.0,8.074598990134543
51.0,248.6793358174022
52.0,731.3697799424906
53.0,1658.2846560974397
54.0,2769.2177678955286
55.0,3751.7471820438514
56.0,4404.752618088567
57.0,4764.348318363914
58.0,4889.976631512196
59.0,4679.369500928291
60.0,4139.739467087311
61.0,3762.598415082246
62.0,3074.469346409787
63.0,2289.980895372176
64.0,1177.9281127335146
65.0,670.5936980121028
66.0,340.8835540368972
67.0,69.06191559415343
68.0,0.0
69.0,0.0
70.0,0.0
71.0,0.0
72.0,0.0
73.0,0.0
74.0,10.024572484855547
75.0,126.29765846386968
76.0,418.0678822114643
77.0,1372.9271710135272
78.0,2707.8889720089455
79.0,3881.70202612468
80.0,4133.378613027253
81.0,3557.341687606374
82.0,3446.309087094707
83.0,3429.1490967906616
84.0,3494.568122908596
85.0,2972.4181194075145
86.0,3095.661025086414
87.0,2602.656758256765
88.0,1846.4501706649376
89.0,727.3700467153853
90.0,278.77041653777246
91.0,115.4252693411159
92.0,0.21442204261047004
93.0,0.0
94.0,0.0
95.0,0.0
96.0,0.0
97.0,0.0
98.0,42.01622942204393
99.0,258.7722663890196
100.0,625.8656836010837
101.0,1508.807377119731
102.0,2818.753444969144
103.0,3737.43504212085
104.0,4563.7157358321965
105.0,4635.724566273962
106.0,4790.065324765143
107.0,4783.2103719266215
108.0,4649.126641065046
109.0,4037.8064651765835
110.0,3511.3373276624907
111.0,2727.712874407049
112.0,1907.9984259173052
113.0,1023.3011019222856
114.0,472.0694532902116
115.0,180.52002840165278
116.0,1.2848341821640452
117.0,0.0
118.0,0.0
119.0,0.0
120.0,0.0
121.0,0.0
122.0,32.0826097349465
123.0,184.2076919918954
124.0,653.5144094822142
125.0,1650.368757007039
126.0,2815.246742877139
127.0,3846.2742740256754
128.0,4167.807046979918
129.0,4133.386907477059
130.0,3965.8115494109215
131.0,3455.387344553142
132.0,3159.6549560358303
133.0,3303.0094066581532
134.0,3209.1784974177444
135.0,2517.5233818787956
136.0,1772.6756881184992
137.0,858.0112401052354
138.0,488.81315836641085
139.0,203.49735397853686
140.0,13.430751114000008
141.0,0.0
142.0,0.0
143.0,0.0
144.0,0.0
145.0,0.0
146.0,49.44185264869745
147.0,216.84567716807302
148.0,672.9439367197451
149.0,1734.0454927013561
150.0,2872.1614620999108
151.0,3917.2442780858055
152.0,4480.687360289474
153.0,4772.441114175997
154.0,4539.266707333445
155.0,4226.363961984525
156.0,3944.1787938003936
157.0,3371.3660243238537
158.0,3071.1587410499465
159.0,2407.192394333989
160.0,1565.8487859052584
161.0,777.5991550118335
162.0,424.9518955918044
163.0,126.41345331890531
164.0,0.20696646033230065
165.0,0.0
166.0,0.0
167.0,0.0
168.0,0.0
169.0,0.0
170.0,11.325026471701648
171.0,80.23694112802096
172.0,133.54867798578505
173.0,233.6030771623056
174.0,294.3761254439786
175.0,428.05527852962723
176.0,568.6780507494848
177.0,686.6858737641638
178.0,783.3057906171612
179.0,1171.7723458154028
180.0,1572.3296486078705
181.0,2071.961803079098
182.0,1798.2670232964238
183.0,1762.0679914773157
184.0,1162.9746779969337
185.0,490.6434252170195
186.0,274.88846822334676
187.0,126.44971075833661
188.0,5.636086861740546
189.0,0.0
190.0,0.0
191.0,0.0
192.0,0.0
193.0,0.0
194.0,72.58173764319646
195.0,191.7972189338713
196.0,392.0649241079832
197.0,705.5448547571311
198.0,1297.6295327194857
199.0,2126.3934110195573
200.0,1519.8555300691683
201.0,1876.3249013362504
202.0,2238.8042386533575
203.0,1621.9524376749432
204.0,2162.35061647202
205.0,2641.1486484133393
206.0,2187.4070502922723
207.0,1102.4865388212506
208.0,670.605535834532
209.0,333.63841528880977
210.0,208.1952683885071
211.0,72.8608078668259
212.0,21.36737149737285
213.0,0.0
214.0,0.0
215.0,0.0
216.0,0.0
217.0,0.0
218.0,23.55374727177255
219.0,89.82318104526095
220.0,166.15894458044937
221.0,259.2289744682305
222.0,672.893570628458
223.0,1081.8297403067309
224.0,1802.690945740263
225.0,1744.5479569449678
226.0,1419.2537518335967
227.0,1461.2925352254535
228.0,1157.8958532909637
229.0,867.9449878049942
230.0,674.8573140501699
231.0,646.2469951296989
232.0,474.8516104597607
233.0,272.8624433815546
234.0,174.00357472589255
235.0,57.68240221705788
236.0,5.63259914406344
237.0,-0.0
238.0,-0.0
239.0,0.0
240.0,0.0
241.0,0.0
242.0,35.63215947077187
243.0,130.89073760762267
244.0,280.9759181977271
245.0,778.301195362614
246.0,1138.8689002026354
247.0,1978.809790317122
248.0,2075.376982233719
249.0,1360.5366650710557
250.0,1175.678993451238
251.0,1456.566186590931
252.0,1950.0102542781494
253.0,1997.660042678861
254.0,1754.9478212909523
255.0,1541.5386331334182
256.0,1339.2183944240926
257.0,773.5969155033349
258.0,526.065597560741
259.0,251.39129829258837
260.0,37.40553490371691
261.0,0.0
262.0,0.0
263.0,0.0
264.0,0.0
265.0,0.0
266.0,68.11184409339882
267.0,157.8312214260418
268.0,357.37571112810843
269.0,625.3809612261305
270.0,971.4291453737299
271.0,1224.1704134097345
272.0,1513.1278892162295
273.0,1628.186499790681
274.0,1506.7993997280066
275.0,1533.0746015068685
276.0,1595.2977062046486
277.0,1292.6883003751227
278.0,1141.150628778984
279.0,959.63649049681
280.0,683.3174052459276
281.0,299.53637901025115
282.0,159.36891344752868
283.0,47.65684825896196
284.0,6.007948480367764
285.0,0.0
286.0,0.0
287.0,0.0
288.0,0.0
289.0,3.909225112315428
290.0,105.05898413069261
291.0,176.2955033383874
292.0,377.6634406348845
293.0,660.6033739151034
294.0,1269.9868217867986
295.0,1694.5932495846637
296.0,1599.8110087780283
297.0,2117.5694207414344
298.0,2270.47286383592
299.0,2114.4836206288737
300.0,1688.184304264426
301.0,1556.834816794711
302.0,1426.9168452776862
303.0,1199.5963362454263
304.0,874.3048504629846
305.0,578.2610806867269
306.0,336.25285223924527
307.0,148.95532491720775
308.0,16.218043903380313
309.0,-0.0
310.0,-0.0
311.0,0.0
312.0,0.0
313.0,4.176165811191071
314.0,70.4972131334797
315.0,203.84058570341068
316.0,465.2789076738725
317.0,736.693220945029
318.0,1241.3721220922712
319.0,1711.3836225419323
320.0,2372.5928748270503
321.0,2645.9327416185756
322.0,2724.8564057865096
323.0,2664.2660411929837
324.0,2034.360701727153
325.0,1627.8174751777278
326.0,1147.8115484109062
327.0,860.7578453651959
328.0,654.2524229452979
329.0,379.8983964574274
330.0,146.04731173100996
331.0,48.79478286477756
332.0,3.406968238138697
333.0,0.0
334.0,0.0
335.0,0.0
336.0,0.0
337.0,4.18401961852254
338.0,34.20007842638787
339.0,91.5523868157767
340.0,241.76954669572646
341.0,506.9922673826941
342.0,722.3942410592741
343.0,956.7734442305451
344.0,1167.3615411860155
345.0,1425.6700761270563
346.0,1454.6280049676361
347.0,1565.7022629504306
348.0,1479.3534057202223
349.0,1366.0430587755973
350.0,1333.1502448676197
351.0,1082.373777458805
352.0,701.4179457150594
353.0,374.3275995090244
354.0,226.9488382242102
355.0,128.64359071051166
356.0,32.94964242330205
357.0,0.0
358.0,0.0
359.0,0.0
360.0,0.0
361.0,6.524084664466418
362.0,70.60433482782469
363.0,195.51931188346532
364.0,342.20352015966034
365.0,558.8204188665047
366.0,776.2096073861686
367.0,1049.5033726122192
368.0,1469.621961644904
369.0,1783.0467828804058
370.0,1898.4404268379153
371.0,2244.5052905470643
372.0,2146.238752987078
373.0,1809.2212684317783
374.0,1315.09500010597
375.0,1055.09183632013
376.0,788.927552826716
377.0,581.2098562161798
378.0,358.38435861103517
379.0,68.49158647687959
380.0,12.433878897289759
381.0,0.0
382.0,0.0
383.0,0.0
384.0,0.0
385.0,4.570543647987618
386.0,54.86235363998043
387.0,119.43158837129766
388.0,261.36094656682667
389.0,492.4836645005031
390.0,620.5550800432411
391.0,800.7289248225446
392.0,1019.8189483765968
393.0,1220.0439817412125
394.0,1421.3065220135945
395.0,1458.5013594922655
396.0,1671.383111392554
397.0,1601.1963691309847
398.0,1342.646053561357
399.0,964.1774379405842
400.0,755.0345707593597
401.0,625.3329568654674
402.0,451.9720150167041
403.0,194.21350763476732
404.0,60.262484704859176
405.0,1.9572372833498868
406.0,0.0
407.0,0.0
408.0,0.0
409.0,6.288552719984814
410.0,130.9838529085981
411.0,396.33754918075886
412.0,854.185608734238
413.0,2042.4264583408133
414.0,3095.336512205893
415.0,4039.188904750159
416.0,4655.624571754475
417.0,5070.533235663133
418.0,4973.291745384906
419.0,4829.313454455887
420.0,4586.963306115289
421.0,4100.821765363417
422.0,3454.672420377553
423.0,2807.7973563276655
424.0,2007.8311282029995
425.0,1072.1451249826632
426.0,440.0941803598701
427.0,232.70566877722953
428.0,95.86200263410227
429.0,2.447845686408069
430.0,0.0
431.0,0.0
432.0,0.0
433.0,12.172299521636287
434.0,148.53838574264023
435.0,393.2003482775974
436.0,800.8167477254807
437.0,1607.9792652754738
438.0,2260.003561180599
439.0,3070.3282200017757
440.0,4028.8587072596483
441.0,4539.181597793209
442.0,4059.120860750838
443.0,3126.794288770721
444.0,1837.525735488875
445.0,1208.0292136020657
446.0,1033.7890288330304
447.0,1112.5951852359904
448.0,1202.4124681661972
449.0,691.4242121990534
450.0,310.2265148899159
451.0,148.3770590169279
452.0,52.462065421429756
453.0,1.8930127075509133
454.0,0.0
455.0,0.0
456.0,0.0
457.0,5.161933935544717
458.0,68.03611071189938
459.0,179.69867706033233
460.0,463.1179424698299
461.0,868.4412126309122
462.0,2503.3368255637833
463.0,3696.0662997615445
464.0,3930.056537076556
465.0,4112.666966020906
466.0,4241.843393069703
467.0,4329.3143556408995
468.0,4405.827883032459
469.0,4059.3501180895437
470.0,3533.421218351029
471.0,2846.9333249688343
472.0,2071.3316069704388
473.0,1144.1145402662346
474.0,532.700939250621
475.0,262.6110881228233
476.0,96.71804461584462
477.0,1.4619319434301816
478.0,0.0
479.0,0.0
480.0,0.0
481.0,13.208099210933037
482.0,133.83208080840143
483.0,283.1912934726999
484.0,804.642649841283
485.0,1734.7964643425182
486.0,2744.519611263003
487.0,3793.5666514647164
488.0,4502.108009376912
489.0,4848.003745629005
490.0,4846.63223282754
491.0,4792.554553428927
492.0,4451.313284127098
493.0,4059.052482340235
494.0,3490.3039041527263
495.0,2873.2187299559896
496.0,2026.503293310242
497.0,1153.4890406054033
498.0,578.8581739599424
499.0,314.8167698270252
500.0,111.8196341043537
501.0,2.1283852998935773
502.0,0.0
503.0,0.0
504.0,0.0
505.0,5.8477900028208945
506.0,157.1935793532575
507.0,319.4375729371752
508.0,792.8747160184498
509.0,1692.9407561886976
510.0,2633.958477171283
511.0,3748.8466784294933
512.0,4530.32223919159
513.0,4762.081127023132
514.0,4649.612202091836
515.0,3767.6163414871953
516.0,3085.282299824882
517.0,3350.0770464454463
518.0,2288.019738462171
519.0,1816.1452828882989
520.0,1444.4569956279609
521.0,729.4201929054957
522.0,349.08203025854345
523.0,227.41322396345402
524.0,72.19379926649809
525.0,4.826327863209841
526.0,0.0
527.0,0.0
528.0,0.0
529.0,0.18580858683967985
530.0,5.679294496479258
531.0,96.31933206136796
532.0,280.970816285005
533.0,666.0544033505275
534.0,894.1786327406089
535.0,1537.6601806769308
536.0,1286.6143990230723
537.0,795.986776274563
538.0,1245.3544249040558
539.0,2739.4550629399873
540.0,3092.605485908857
541.0,3475.485861032465
542.0,3067.1008661664673
543.0,2478.9304648010548
544.0,1649.2113007986368
545.0,882.0554392985619
546.0,475.3774410235683
547.0,218.899613026268
548.0,53.23695786052119
549.0,0.4948163670670354
550.0,0.0
551.0,-0.0
552.0,0.0
553.0,2.658318780834725
554.0,57.8138975970256
555.0,116.95012483884045
556.0,86.92659441383914
557.0,190.10595168715113
558.0,292.0162483893175
559.0,544.078840093498
560.0,1188.1702541086102
561.0,1257.3837072211788
562.0,1031.5735773921056
563.0,1046.0654993817357
564.0,921.2355221118704
565.0,1321.075436442387
566.0,1847.4892073979397
567.0,2228.636109466779
568.0,1708.3635713202482
569.0,781.716861301075
570.0,477.0992812326059
571.0,175.15407598890408
572.0,26.13222712625091
573.0,0.8195683064320548
574.0,0.0
575.0,0.0
576.0,0.0
577.0,11.112760783293247
578.0,123.85449153186113
579.0,310.46265575151045
580.0,782.6397977789611
581.0,1660.231370390619
582.0,2838.0654682003833
583.0,3809.8644168315377
584.0,4334.379953072967
585.0,4553.689718151922
586.0,4509.446279063519
587.0,4507.809083418881
588.0,3978.3655965502994
589.0,3259.122670416692
590.0,2576.873687070919
591.0,1935.1610396599544
592.0,1383.7744136241552
593.0,799.0042748017337
594.0,275.39686764325023
595.0,118.87887715264543
596.0,47.63138881524918
597.0,0.0
598.0,0.0
599.0,0.0
600.0,0.0
601.0,6.667840105434188
602.0,85.55865259833263
603.0,311.3322135108445
604.0,746.0952188449595
605.0,1660.4943226342214
606.0,2790.514090674988
607.0,3790.5210520237515
608.0,4455.6778759105455
609.0,4700.982234047451
610.0,4685.3960511771875
611.0,4683.583834617517
612.0,4325.9148665717075
613.0,3834.2229490298905
614.0,2924.6855246143064
615.0,2083.5235356019452
616.0,1502.0743394762085
617.0,739.9635540611689
618.0,451.0856105041886
619.0,271.07672460493603
620.0,90.52155061311592
621.0,1.1423178474901612
622.0,0.0
623.0,0.0
624.0,0.0
625.0,9.660084322993791
626.0,109.99543342896536
627.0,277.6024095520869
628.0,428.1698394377719
629.0,605.5259291774939
630.0,704.4694078165464
631.0,842.5641770164541
632.0,872.9182480420403
633.0,1173.612154118528
634.0,1404.5160074910018
635.0,1159.3639763530723
636.0,903.0327178829173
637.0,859.1799931574626
638.0,640.6343935165053
639.0,666.2490317669302
640.0,466.03974773321653
641.0,280.67560926075373
642.0,141.37643646981044
643.0,76.51707469172837
644.0,29.857866066950898
645.0,8.974116002922738
646.0,0.0
647.0,0.0
648.0,0.0
649.0,2.4721288697154558
650.0,44.81771339050757
651.0,78.71886624910633
652.0,121.58045160728446
653.0,227.9389676573999
654.0,314.5454969316928
655.0,519.050727971066
656.0,466.5330142256641
657.0,390.5681686631545
658.0,431.01155634848044
659.0,377.10560041618567
660.0,637.989907817466
661.0,771.3677875204728
662.0,743.5753687385574
663.0,631.8968540685552
664.0,545.2553814608474
665.0,399.95973494851273
666.0,251.9645221566467
667.0,108.18026134963773
668.0,42.95943520352478
669.0,8.275990515826676
670.0,0.0
671.0,0.0
672.0,0.0
673.0,2.200983940357088
674.0,94.45894398492067
675.0,244.29077687147645
676.0,652.7932113112223
677.0,1357.6364017065976
678.0,2174.3512205169054
679.0,3297.569994579474
680.0,3787.846674314575
681.0,4010.957188532362
682.0,3999.0509861087667
683.0,3794.6201871174626
684.0,3340.1944802869207
685.0,3237.0157013175376
686.0,2536.7742904325837
687.0,1749.9477218119118
688.0,1013.3144774977334
689.0,523.4283425017293
690.0,231.8065896805048
691.0,92.00831576482716
692.0,20.144338046930933
693.0,4.047342465803047
694.0,0.0
695.0,0.0
696.0,0.0
697.0,3.788275990512178
698.0,68.92509444051689
699.0,146.27046468650542
700.0,338.11677545050213
701.0,275.84615392284684
702.0,341.245994993047
703.0,583.7015150829739
704.0,1279.408827299514
705.0,2243.8391798845605
706.0,2516.1391139936154
707.0,2945.9378890899866
708.0,3172.423008415076
709.0,2772.827005573179
710.0,1468.224524341874
711.0,972.4551835309417
712.0,682.0680570511083
713.0,489.28804214497046
714.0,271.999290693465
715.0,158.63580206609026
716.0,48.46874925494163
717.0,3.049234108574114
718.0,0.0
719.0,0.0
720.0,0.0
721.0,0.0
722.0,0.0
723.0,3.667735524324903
724.0,51.57691584611231
725.0,149.16724339855995
726.0,292.30217587551726
727.0,433.047120733187
728.0,504.07675640775534
729.0,524.9296723503134
730.0,527.3331677793469
731.0,536.1692158437868
732.0,426.0040509148788
733.0,452.29430268191896
734.0,432.52497056247137
735.0,297.27983435709905
736.0,207.8732346971009
737.0,106.98520953554306
738.0,43.34216433521431
739.0,3.7329836778212764
740.0,0.0
741.0,0.0
742.0,0.0
743.0,0.0
744.0,0.0
745.0,0.0
746.0,0.0
747.0,19.624209562108522
748.0,105.18786930676913
749.0,224.19596821644626
750.0,338.7404858399742
751.0,462.32297743313643
752.0,630.6788967030432
753.0,705.4688701533632
754.0,704.5319328313391
755.0,723.6504116041917
756.0,683.0700196260009
757.0,629.9518128736433
758.0,553.5061621518009
759.0,382.6729160109967
760.0,246.61580451064674
761.0,129.1395079660066
762.0,60.204056043354825
763.0,12.488151481646778
764.0,0.0
765.0,0.0
766.0,0.0
767.0,0.0
768.0,0.0
769.0,0.0
770.0,1.933663229163884
771.0,40.456636437749296
772.0,136.43076063884365
773.0,299.38508384599163
774.0,505.9669315058844
775.0,684.0803973511755
776.0,848.1737235123085
777.0,921.478583158434
778.0,991.0373351467667
779.0,933.1776009109788
780.0,837.5666399849732
781.0,719.5145191858849
782.0,621.211824516555
783.0,427.170999560668
784.0,259.56339525321687
785.0,139.57868754296322
786.0,66.57361408214193
787.0,14.303278105303754
788.0,0.0334882162941231
789.0,0.0
790.0,0.0
791.0,0.0
792.0,0.0
793.0,0.0
794.0,2.938536389544203
795.0,24.327697182686048
796.0,96.54668827779209
797.0,238.85573740452378
798.0,464.45893228480713
799.0,627.7862270122882
800.0,755.2703331171028
801.0,682.3344177825154
802.0,683.4210333230565
803.0,694.5094142613311
804.0,617.6204149390421
805.0,551.1467776959684
806.0,587.1205994049466
807.0,477.5377162158312
808.0,347.38972825752745
809.0,158.53259970310032
810.0,66.4061910388699
811.0,23.80906771218588
812.0,1.128398538673956
813.0,0.0
814.0,0.0
815.0,0.0
816.0,0.0
817.0,0.0
818.0,1.8862845431427533
819.0,50.17904536192103
820.0,124.83160241238545
821.0,267.4484758053926
822.0,468.00363226596915
823.0,645.911387591603
824.0,843.4630311762352
825.0,878.4617787343728
826.0,970.7932062816516
827.0,987.9076056833671
828.0,954.800985950025
829.0,804.7613340488435
830.0,686.0750474739783
831.0,503.25130128508005
832.0,331.7286988482813
833.0,174.29021732442317
834.0,86.53445935050559
835.0,24.156327405452398
836.0,0.526525473979497
837.0,0.0
838.0,0.0
839.0,0.0
840.0,0.0
841.0,0.0
842.0,6.424607218374355
843.0,51.602033515305756
844.0,165.38696400008286
845.0,331.36689744809564
846.0,508.65292226345474
847.0,687.8761104098725
848.0,792.9222136739354
849.0,764.0860368044789
850.0,741.2230404142455
851.0,707.5253655726247
852.0,685.4930963052175
853.0,718.6761844914447
854.0,644.120998610083
855.0,490.3000246601424
856.0,310.8623098389472
857.0,165.01789329947673
858.0,90.96073670919424
859.0,29.646731794196185
860.0,1.4076302983725442
861.0,0.0
862.0,0.0
863.0,0.0
864.0,0.0
865.0,0.0
866.0,6.408656008563385
867.0,61.211893179880526
868.0,173.33884690693122
869.0,344.1529587711956
870.0,542.9822591389739
871.0,738.4211295580044
872.0,887.347460270051
873.0,950.4362517833839
874.0,934.5010621891231
875.0,905.2481159325555
876.0,849.793765513443
877.0,751.9556591646556
878.0,658.7345179102213
879.0,500.7753744896569
880.0,331.4486386047802
881.0,177.97363665142464
882.0,99.27559095752322
883.0,35.7781147526235
884.0,2.4396112783675226
885.0,0.0
886.0,0.0
887.0,0.0
888.0,0.0
889.0,0.0
890.0,2.2902252561047876
891.0,16.241008239409645
892.0,28.623457976967412
893.0,49.64801739973424
894.0,74.57062735332129
895.0,105.91436139365962
896.0,148.49901844297165
897.0,176.58534648238893
898.0,186.46953675897896
899.0,286.9034272292813
900.0,339.09850060362555
901.0,459.43336928276574
902.0,409.5028282991334
903.0,348.6589501567622
904.0,269.716643708941
905.0,138.02271850346483
906.0,70.31745818868185
907.0,24.860638401704417
908.0,1.203655964528564
909.0,0.0
910.0,0.0
911.0,0.0
912.0,0.0
913.0,0.0
914.0,9.583594591561962
915.0,30.77524318157313
916.0,84.6505860633527
917.0,137.93235070612786
918.0,218.20488412419184
919.0,360.7490877359353
920.0,309.2256491514053
921.0,386.5599511125368
922.0,446.53702052146593
923.0,422.1014025452461
924.0,476.3986427071698
925.0,465.55331323977964
926.0,418.8713331575253
927.0,248.38218993740307
928.0,168.74638714778166
929.0,98.30740455115657
930.0,62.527860239078315
931.0,21.804387391113316
932.0,9.021413516231185
933.0,0.0
934.0,0.0
935.0,0.0
936.0,0.0
937.0,0.0
938.0,4.964972552139983
939.0,14.721596595533137
940.0,27.63725275581406
941.0,52.14909264027901
942.0,137.74168488402844
943.0,232.45593892808665
944.0,375.209810872341
945.0,397.81476446661856
946.0,389.38578914757215
947.0,409.16971023152627
948.0,318.53778758813917
949.0,250.35395472334105
950.0,207.44381195203664
951.0,174.9492495908191
952.0,102.27603491428678
953.0,60.696299129600256
954.0,49.22733902025176
955.0,24.63380086113741
956.0,6.746285755621777
957.0,0.0
958.0,0.0
959.0,0.0
960.0,0.0
961.0,0.0
962.0,9.538385041198154
963.0,19.481216125255386
964.0,62.95164576186269
965.0,141.488608136334
966.0,221.34435768659182
967.0,359.2211113603173
968.0,358.68220084025756
969.0,253.49449087382857
970.0,222.14918275130321
971.0,259.43591660045064
972.0,342.4828729732028
973.0,292.0995001569371
974.0,265.9034629221492
975.0,297.5981780706411
976.0,264.6652816766133
977.0,160.42783708386426
978.0,98.13768144426332
979.0,42.67072141585379
980.0,5.147970525730599
981.0,0.0
982.0,0.0
983.0,0.0
984.0,0.0
985.0,0.0
986.0,14.992192012282182
987.0,37.84125171976796
988.0,95.87289560839547
989.0,164.49034965574228
990.0,250.84090108224467
991.0,296.3086492157337
992.0,365.79388089440374
993.0,432.4393464883191
994.0,447.61501033427555
995.0,406.81663207186017
996.0,363.8751522077521
997.0,270.24392128285683
998.0,196.16101304016345
999.0,154.7689804262679
1000.0,138.1212601533279
1001.0,85.52357801965474
1002.0,39.04850730653452
1003.0,12.808317209859494
1004.0,2.272217673447692
1005.0,0.0
1006.0,0.0
1007.0,0.0
1008.0,0.0
1009.0,2.5288118818750385
1010.0,16.112638644918242
1011.0,42.663412117294676
1012.0,92.18026486437003
1013.0,157.4516336642726
1014.0,264.3948689012601
1015.0,299.3961998861639
1016.0,270.44493508489774
1017.0,349.28217684011946
1018.0,405.5421188369127
1019.0,408.00879816899464
1020.0,340.53711823746494
1021.0,309.6641759309514
1022.0,267.99967125141427
1023.0,246.7785540296387
1024.0,187.22540996770329
1025.0,122.53862329435545
1026.0,86.73500195125875
1027.0,36.81338895340612
1028.0,7.127858602680308
1029.0,0.0
1030.0,0.0
1031.0,0.0
1032.0,0.0
1033.0,2.454048230553595
1034.0,13.612911404573723
1035.0,46.66624010258215
1036.0,119.14180324894662
1037.0,193.54950183581002
1038.0,299.2010769574275
1039.0,364.83229826299964
1040.0,479.8091997383655
1041.0,526.1479709202906
1042.0,559.9513430850228
1043.0,522.7353342282508
1044.0,497.96222938392157
1045.0,372.29806555546327
1046.0,255.35457970737315
1047.0,191.53582648628077
1048.0,145.61038679740489
1049.0,84.6765609176353
1050.0,43.870404267031404
1051.0,18.044508796625664
1052.0,5.237725353059762
1053.0,0.0
1054.0,0.0
1055.0,0.0
1056.0,0.0
1057.0,1.9000591420937998
1058.0,5.690219780146604
1059.0,18.69409501329135
1060.0,62.776152853924486
1061.0,129.14965651411413
1062.0,169.19115401353986
1063.0,210.78672054973308
1064.0,246.46858051300205
1065.0,281.2115245044388
1066.0,275.81452033101027
1067.0,308.7672535962886
1068.0,268.7326974009618
1069.0,200.3179832167247
1070.0,181.2094710333197
1071.0,175.0664856921416
1072.0,134.12797881319165
1073.0,100.96480364007977
1074.0,59.582832799955334
1075.0,31.972615259845718
1076.0,13.169124523105456
1077.0,0.0
1078.0,0.0
1079.0,0.0
1080.0,0.0
1081.0,2.971131496498474
1082.0,7.272004939156062
1083.0,34.59101958071917
1084.0,82.03822656343473
1085.0,127.93142850368153
1086.0,174.00566049093285
1087.0,231.62980512070953
1088.0,334.012056954294
1089.0,452.128547068977
1090.0,512.8020698927987
1091.0,572.8108470976133
1092.0,548.6055808393385
1093.0,413.20078514252043
1094.0,276.4875254917673
1095.0,232.37876164398756
1096.0,178.8420026319629
1097.0,152.794539326181
1098.0,95.60778273714774
1099.0,23.529617569721804
1100.0,2.973801792832013
1101.0,0.0
1102.0,0.0
1103.0,0.0
1104.0,0.0
1105.0,2.9387681768855156
1106.0,9.506846740717346
1107.0,26.77662687692667
1108.0,61.246556349826236
1109.0,115.6541209663568
1110.0,151.0898698475986
1111.0,196.73993245384045
1112.0,229.67079531633786
1113.0,256.524568986008
1114.0,307.2902337156421
1115.0,322.3747847567353
1116.0,315.1749500747632
1117.0,300.3530018538116
1118.0,233.0092054597676
1119.0,204.24968875626018
1120.0,180.34479153894983
1121.0,149.41641258132185
1122.0,106.58303176713484
1123.0,47.83522234065168
1124.0,10.280638119756993
1125.0,0.19529979150468957
1126.0,0.0
1127.0,0.0
1128.0,0.0
1129.0,4.297773989002221
1130.0,37.14267121938499
1131.0,111.82217892536045
1132.0,232.84709605193697
1133.0,407.99343085485907
1134.0,612.8589330380423
1135.0,795.4787169934266
1136.0,937.5704234151056
1137.0,1020.289223584788
1138.0,1027.8195873634759
1139.0,996.0801429832645
1140.0,966.3316664354486
1141.0,892.6110941677349
1142.0,714.0307633914331
1143.0,551.9748568842026
1144.0,389.04291939349554
1145.0,251.48771126267343
1146.0,142.2339217791943
1147.0,58.66139509962933
1148.0,14.37103996507284
1149.0,0.22474300295194666
1150.0,0.0
1151.0,0.0
1152.0,0.0
1153.0,2.0903160936494296
1154.0,32.88408185423282
1155.0,100.73925102952279
1156.0,184.65484170559193
1157.0,356.80067857326435
1158.0,488.7311104765634
1159.0,625.4491834118596
1160.0,731.7947809652035
1161.0,865.3560713668521
1162.0,814.1777851310239
1163.0,622.2862179326949
1164.0,448.28737443205534
1165.0,330.9670421080213
1166.0,317.3404722636186
1167.0,301.790353288485
1168.0,273.38766616508155
1169.0,159.4185035394296
1170.0,84.65302315800332
1171.0,43.70727890256177
1172.0,11.013883717072066
1173.0,0.4477101441551963
1174.0,0.0
1175.0,0.0
1176.0,0.0
1177.0,1.4756690056935724
1178.0,15.044256028065963
1179.0,51.43635726420468
1180.0,111.14739716053461
1181.0,210.43546039693038
1182.0,498.4432717451001
1183.0,662.3610792567719
1184.0,685.942474338962
1185.0,770.5171584296143
1186.0,881.1472114849582
1187.0,931.787474150408
1188.0,935.8906141717541
1189.0,857.1031941180404
1190.0,709.5350012717793
1191.0,581.608495688557
1192.0,411.46564330730337
1193.0,259.91393181560943
1194.0,147.02544453382663
1195.0,62.51251360416393
1196.0,13.89020861896654
1197.0,0.20996501027398545
1198.0,0.0
1199.0,0.0
1200.0,0.0
1201.0,4.092166011288432
1202.0,28.431540622497053
1203.0,91.55292722307331
1204.0,218.75494688554525
1205.0,391.33360106446185
1206.0,571.4457111230367
1207.0,738.4018912440804
1208.0,875.5222042618502
1209.0,966.7550217502428
1210.0,981.2524253542539
1211.0,944.5386484906271
1212.0,920.613741655452
1213.0,865.1953864414396
1214.0,713.7197680128863
1215.0,571.4564639899311
1216.0,416.0801504511244
1217.0,260.4882445792138
1218.0,149.41839914651996
1219.0,67.05632045450184
1220.0,16.05081178795275
1221.0,0.4288102600010316
1222.0,0.0
1223.0,0.0
1224.0,0.0
1225.0,1.471198657834643
1226.0,25.97434333258637
1227.0,83.49241316823793
1228.0,199.84656558563213
1229.0,338.3899700789967
1230.0,485.1122839794155
1231.0,704.5370959499609
1232.0,820.2753469220974
1233.0,831.7247624700301
1234.0,867.8472850890681
1235.0,798.7286533599731
1236.0,652.6749165202988
1237.0,682.2198000263686
1238.0,502.84927702857306
1239.0,405.84636469871623
1240.0,321.0852121953343
1241.0,204.6214909915171
1242.0,111.10322731665282
1243.0,51.59890715500207
1244.0,14.37028108364321
1245.0,1.9710740619944265
1246.0,0.0
1247.0,0.0
1248.0,0.0
1249.0,4.598218457119964
1250.0,3.9288706151383788
1251.0,23.397459220891818
1252.0,78.16171159554071
1253.0,138.6190207907021
1254.0,200.34425703835956
1255.0,308.871266678828
1256.0,252.06464207909158
1257.0,160.311727716466
1258.0,315.8191104354074
1259.0,674.1372682953518
1260.0,719.7693662915178
1261.0,789.5756885649162
1262.0,647.8200932120442
1263.0,514.1866594455956
1264.0,323.0180015134225
1265.0,210.18458124406044
1266.0,122.11249129358434
1267.0,52.885074260701835
1268.0,12.11636069650924
1269.0,2.1584917011205027
1270.0,0.0
1271.0,0.0
1272.0,0.0
1273.0,7.521540696218892
1274.0,1.2981374471350389
1275.0,12.862406196520233
1276.0,14.504816382328258
1277.0,32.960842557921566
1278.0,70.76343019901691
1279.0,161.43377119448388
1280.0,298.7601762701073
1281.0,329.5550904248328
1282.0,352.428776689775
1283.0,365.51315085371937
1284.0,351.95254123839163
1285.0,377.3251576009292
1286.0,396.2772100826457
1287.0,422.3690878880377
1288.0,324.9832266917432
1289.0,183.6982342956958
1290.0,114.72291773092779
1291.0,48.95424573273803
1292.0,12.441989769903923
1293.0,2.3381901854798373
1294.0,0.0
1295.0,0.0
1296.0,0.0
1297.0,1.2562569032368012
1298.0,25.18916697037789
1299.0,84.6980263090735
1300.0,193.79977895143037
1301.0,356.18106040459406
1302.0,515.7626527520147
1303.0,673.8188293647601
1304.0,756.6908726823706
1305.0,837.178109507201
1306.0,842.3073001045241
1307.0,821.7871497395951
1308.0,771.5562868004254
1309.0,663.9075174931645
1310.0,558.2275177806857
1311.0,457.7763429848176
1312.0,308.2209561441849
1313.0,178.3668601357766
1314.0,80.57539971719208
1315.0,34.13604004379091
1316.0,2.064303883549264
1317.0,0.20735599233677138
1318.0,0.0
1319.0,0.0
1320.0,0.0
1321.0,1.987841084849399
1322.0,28.210007041420376
1323.0,82.64274209488977
1324.0,187.80017587309533
1325.0,337.0349065894151
1326.0,501.7218682238448
1327.0,649.448539672667
1328.0,769.5520571125774
1329.0,873.3694714082731
1330.0,901.5461380878878
1331.0,871.3604192055359
1332.0,847.5783039510902
1333.0,728.1693579241955
1334.0,614.6678428107091
1335.0,492.6805106831599
1336.0,339.47461136828974
1337.0,231.54852495197548
1338.0,126.29550352923317
1339.0,68.8542909672387
1340.0,20.77604566195489
1341.0,2.293051870349481
1342.0,0.0
1343.0,0.0
1344.0,0.0
1345.0,4.471650703185311
1346.0,16.667189349016088
1347.0,62.95587504021692
1348.0,113.10069048307469
1349.0,172.3360527508435
1350.0,212.77186137711305
1351.0,207.77599826212486
1352.0,236.1661599744125
1353.0,336.52747386869765
1354.0,426.2372660322063
1355.0,412.4214002334166
1356.0,346.2602116712683
1357.0,353.55486776593165
1358.0,255.42571644177906
1359.0,215.82268499554831
1360.0,143.21796920611774
1361.0,100.67467679727551
1362.0,50.60640777886479
1363.0,21.338586686029622
1364.0,6.32272381139653
1365.0,2.5330482759380075
1366.0,0.0
1367.0,0.0
1368.0,0.0
1369.0,2.635299805040705
1370.0,6.106614258385687
1371.0,15.368691409407807
1372.0,18.459779009859993
1373.0,45.43886577862385
1374.0,81.25302317381181
1375.0,145.9343206246606
1376.0,139.90034095887734
1377.0,140.6559576394812
1378.0,170.05771560479747
1379.0,225.41413370501616
1380.0,246.63611320341315
1381.0,252.81697691335012
1382.0,228.3394557328234
1383.0,199.23546595897335
1384.0,150.02698518456822
1385.0,118.66401800213174
1386.0,73.81260472211787
1387.0,31.151029351728237
1388.0,12.220260578020923
1389.0,2.3563267257194602
1390.0,0.0
1391.0,0.0
1392.0,0.0
1393.0,2.1180749339500164
1394.0,14.390028594926727
1395.0,53.03540770379435
1396.0,119.54025037454372
1397.0,197.4385021848663
1398.0,300.9344206878136
1399.0,458.00328633261677
1400.0,575.0371657999884
1401.0,684.8914849065061
1402.0,707.8570326758922
1403.0,692.1886836591582
1404.0,591.1150890529086
1405.0,555.6632880976115
1406.0,409.0200989285524
1407.0,273.89565998587955
1408.0,157.5374330219871
1409.0,107.20535382074758
1410.0,65.02783805824633
1411.0,27.19226518176632
1412.0,7.504518778305782
1413.0,0.9673077443989553
1414.0,0.0
1415.0,0.0
1416.0,0.0
1417.0,2.4742781816087938
1418.0,4.766388596818267
1419.0,32.074965656319286
1420.0,63.31656171917217
1421.0,41.521121319223624
1422.0,52.56097161774824
1423.0,119.52155040196338
1424.0,229.89461415507424
1425.0,428.2701411087434
1426.0,484.2107758303409
1427.0,547.7365118728682
1428.0,586.3953439839627
1429.0,495.1617071000994
1430.0,309.0608097441556
1431.0,242.90720802844075
1432.0,181.96380086847503
1433.0,133.49017660427927
1434.0,86.95527368557605
1435.0,42.27251115016679
1436.0,15.686074844728466
1437.0,1.8542441111314543
1438.0,0.0
1439.0,0.0
1440.0,0.0
1441.0,0.0
1442.0,0.0
1443.0,0.0
1444.0,9.66553848130021
1445.0,44.598709546939745
1446.0,124.07994547912938
1447.0,226.05663880216443
1448.0,310.9247268655061
1449.0,364.35927286969195
1450.0,388.8115499935881
1451.0,374.82769958955686
1452.0,236.1732678535198
1453.0,278.3454375017451
1454.0,351.5860640711752
1455.0,292.68832834687396
1456.0,225.10533739940743
1457.0,146.52839738290967
1458.0,86.5312160062244
1459.0,17.309323467081448
1460.0,0.0
1461.0,0.0
1462.0,0.0
1463.0,0.0
1464.0,0.0
1465.0,0.0
1466.0,0.0
1467.0,0.0
1468.0,27.13528843876253
1469.0,75.35451261124018
1470.0,153.0468959910585
1471.0,241.721450293215
1472.0,394.9895103234745
1473.0,520.5810780498467
1474.0,556.3610214742772
1475.0,563.9143510744005
1476.0,602.7427204824329
1477.0,582.4721936148808
1478.0,531.2866250342656
1479.0,442.8923912998257
1480.0,335.6209820012066
1481.0,236.78031273268977
1482.0,134.2050815485252
1483.0,48.822358799133305
1484.0,0.0
1485.0,0.0
1486.0,0.0
1487.0,0.0
1488.0,0.0
1489.0,0.0
1490.0,1.5569651587570184
1491.0,3.664418585998386
1492.0,41.13592652166159
1493.0,112.44059854727098
1494.0,243.36590386567326
1495.0,377.82800046996005
1496.0,546.6536931093528
1497.0,647.5073875088752
1498.0,691.2219613119017
1499.0,682.8227241066982
1500.0,659.630380120617
1501.0,645.7499252546431
1502.0,577.7590982674132
1503.0,441.9308808117506
1504.0,276.5997547809011
1505.0,199.86362738421886
1506.0,140.5784714771268
1507.0,77.9937506075315
1508.0,4.779616833483657
1509.0,0.0
1510.0,0.0
1511.0,0.0
1512.0,0.0
1513.0,0.0
1514.0,0.5191334144774189
1515.0,3.2577554706621012
1516.0,34.10479806672546
1517.0,105.1625747775825
1518.0,240.96395963151735
1519.0,375.65594817222205
1520.0,462.34277771350673
1521.0,488.10131874153785
1522.0,518.7591891282148
1523.0,583.4000646985238
1524.0,546.1491209709204
1525.0,510.98252954799926
1526.0,560.9310076376344
1527.0,481.65624519331254
1528.0,360.2762278937861
1529.0,202.40740510223876
1530.0,124.045176357366
1531.0,70.36383421641727
1532.0,4.351195404856831
1533.0,0.0
1534.0,0.0
1535.0,0.0
1536.0,0.0
1537.0,0.0
1538.0,0.7315983659568831
1539.0,10.539301575146101
1540.0,43.96597625610909
1541.0,125.53659764155756
1542.0,269.9790641459359
1543.0,393.0051288614344
1544.0,542.5486836281481
1545.0,596.8472876820648
1546.0,637.6870905922967
1547.0,686.7040074507609
1548.0,701.6837746369265
1549.0,695.1749984214168
1550.0,610.8624472475902
1551.0,499.43440689130347
1552.0,338.56837425659046
1553.0,229.53025771805787
1554.0,149.68351396494774
1555.0,95.07815657639043
1556.0,13.083083987911106
1557.0,0.0
1558.0,0.0
1559.0,0.0
1560.0,0.0
1561.0,0.0
1562.0,0.9059970929091052
1563.0,6.859874643475557
1564.0,50.49888509173229
1565.0,142.10547365232134
1566.0,270.94555479713017
1567.0,422.50928040769753
1568.0,528.7584310523565
1569.0,574.5950240473187
1570.0,542.8486745355146
1571.0,552.5844908311144
1572.0,559.5802097922875
1573.0,599.5321458283456
1574.0,561.6910530754828
1575.0,503.09575612026197
1576.0,366.99506934599106
1577.0,235.3909043140062
1578.0,167.2084230410299
1579.0,100.03784860585316
1580.0,16.818992168545513
1581.0,0.0
1582.0,0.0
1583.0,0.0
1584.0,0.0
1585.0,0.0
1586.0,0.8148481652672463
1587.0,9.60924532133968
1588.0,59.120796807365295
1589.0,149.5542723162218
1590.0,290.28009889894406
1591.0,444.20659732104747
1592.0,576.73022445833
1593.0,644.9009003799492
1594.0,662.0974537211189
1595.0,675.1270473584577
1596.0,674.7307577642212
1597.0,628.8422075893526
1598.0,564.7970437105139
1599.0,468.19838502072076
1600.0,321.2695497959335
1601.0,227.74639433575578
1602.0,152.7653295240696
1603.0,94.7482932410054
1604.0,18.095735214606883
1605.0,0.0
1606.0,0.0
1607.0,0.0
1608.0,0.0
1609.0,0.0
1610.0,2.430414994702482
1611.0,12.089124771120543
1612.0,28.333106266936632
1613.0,42.48946326017764
1614.0,58.54461200028575
1615.0,71.99046035558342
1616.0,94.649241539413
1617.0,107.21371385439541
1618.0,142.27365316339132
1619.0,216.65265295785156
1620.0,300.02836966835633
1621.0,401.1711361708039
1622.0,324.38185485450794
1623.0,289.7736164387554
1624.0,236.51305236997587
1625.0,138.83696481955604
1626.0,107.89636802081684
1627.0,71.87106138564737
1628.0,15.140221068779363
1629.0,0.0
1630.0,0.0
1631.0,0.0
1632.0,0.0
1633.0,0.0
1634.0,2.064594175318181
1635.0,13.57263079614108
1636.0,30.995189166826012
1637.0,55.05524196743756
1638.0,137.7699157209358
1639.0,217.55936774066166
1640.0,342.52240014046583
1641.0,385.4388938223227
1642.0,382.9738973675966
1643.0,398.36347410487815
1644.0,464.7411356324799
1645.0,486.5672639879587
1646.0,382.3840426310974
1647.0,283.13747231422894
1648.0,167.22788562565114
1649.0,115.07963995669434
1650.0,92.33989217098916
1651.0,43.29163668142765
1652.0,17.28627977997408
1653.0,0.0
1654.0,0.0
1655.0,0.0
1656.0,0.0
1657.0,0.0
1658.0,4.561366346766828
1659.0,4.856493241882017
1660.0,20.13001230802118
1661.0,33.46285045608016
1662.0,83.51228421237086
1663.0,167.07196429829474
1664.0,241.2039132186419
1665.0,222.10950529239489
1666.0,227.91868845422894
1667.0,254.82229777593284
1668.0,228.92176624230808
1669.0,217.0795466132878
1670.0,183.08331620704283
1671.0,165.77885598552382
1672.0,115.71365199657671
1673.0,98.12850965280532
1674.0,83.6451543708331
1675.0,56.350428045364055
1676.0,21.802977300262953
1677.0,0.0
1678.0,0.0
1679.0,0.0
1680.0,0.0
1681.0,0.0
1682.0,3.481208539321099
1683.0,7.583950526017775
1684.0,26.2023092412555
1685.0,54.30472345406214
1686.0,129.90176558509305
1687.0,219.29199613214203
1688.0,262.61208355228405
1689.0,154.03454066004116
1690.0,137.06914337522383
1691.0,202.30022295560536
1692.0,281.7220587356974
1693.0,242.3790059681113
1694.0,257.37990124581563
1695.0,285.7828089142151
1696.0,272.8822629441603
1697.0,200.44994960456557
1698.0,144.46582574544726
1699.0,89.83033694792988
1700.0,36.04331639656688
1701.0,0.0
1702.0,0.0
1703.0,0.0
1704.0,0.0
1705.0,0.0
1706.0,2.9053879225147683
1707.0,4.995276526662913
1708.0,38.04892194622151
1709.0,78.71498551495955
1710.0,129.38618879201397
1711.0,198.06754782052906
1712.0,249.5460796281136
1713.0,306.24944882860734
1714.0,312.7726995045147
1715.0,315.6368894768219
1716.0,289.9723108138652
1717.0,258.68722692661663
1718.0,257.2735156367386
1719.0,229.84072186820288
1720.0,167.40185456839387
1721.0,115.7214464130189
1722.0,89.7542232747866
1723.0,53.04611442795209
1724.0,14.042596347668393
1725.0,0.0
1726.0,0.0
1727.0,0.0
1728.0,0.0
1729.0,1.4564236047426333
1730.0,1.7933114083627735
1731.0,13.070781470161657
1732.0,26.295631777071442
1733.0,66.74534187399496
1734.0,152.80021530990382
1735.0,204.09061160678232
1736.0,222.66592612955446
1737.0,293.9222455947702
1738.0,346.5883468514862
1739.0,343.17464197344435
1740.0,292.48613674523733
1741.0,241.77628438558378
1742.0,248.079682706448
1743.0,246.73750854346312
1744.0,187.73972775848898
1745.0,164.14691209676806
1746.0,128.3225197691681
1747.0,82.83885083520195
1748.0,41.181702405727926
1749.0,0.0
1750.0,0.0
1751.0,0.0
1752.0,0.0
1753.0,1.0024449011081484
1754.0,0.9157090418867583
1755.0,12.026415564457402
1756.0,44.12884583231896
1757.0,87.5856872999114
1758.0,151.50561467240476
1759.0,221.1295141627094
1760.0,322.07247987981
1761.0,370.8745357755418
1762.0,375.9952404406256
1763.0,393.9276365662681
1764.0,346.2048537219971
1765.0,274.3052171523741
1766.0,221.56788011569762
1767.0,158.31825807246318
1768.0,133.85952483239237
1769.0,106.61540556882622
1770.0,82.08837079508311
1771.0,46.8171959085201
1772.0,25.67681353176137
1773.0,0.0
1774.0,0.0
1775.0,0.0
1776.0,0.0
1777.0,0.8648526458764781
1778.0,1.232401258480347
1779.0,5.372733907067893
1780.0,21.620038938541548
1781.0,48.003721617452385
1782.0,98.78382739678725
1783.0,125.90073588421663
1784.0,148.6454847805863
1785.0,185.23423931821037
1786.0,191.93903848262005
1787.0,215.18798375720974
1788.0,202.42696095598433
1789.0,183.8407639016604
1790.0,189.06639595342492
1791.0,186.3632013046365
1792.0,149.3156716077964
1793.0,116.95113958868117
1794.0,86.95310274356008
1795.0,56.28167208576852
1796.0,31.484020430371018
1797.0,0.0
1798.0,0.0
1799.0,0.0
1800.0,0.0
1801.0,1.1430154764292226
1802.0,1.7059202335674446
1803.0,8.441661655762172
1804.0,28.706600002626814
1805.0,52.01496963162117
1806.0,93.72412226591351
1807.0,128.5826324696788
1808.0,186.920843806598
1809.0,282.918363483908
1810.0,323.9715201824099
1811.0,360.32864914588015
1812.0,363.2134174030522
1813.0,337.82488903853385
1814.0,258.9424228781727
1815.0,217.2098705474871
1816.0,202.08310360135866
1817.0,186.05282738462506
1818.0,135.38313288401133
1819.0,61.063445808144095
1820.0,31.168223125691753
1821.0,0.0
1822.0,0.0
1823.0,0.0
1824.0,0.0
1825.0,0.6091339267188536
1826.0,0.6284225535664862
1827.0,7.70067285903827
1828.0,27.311663438341142
1829.0,59.31729683462508
1830.0,80.76906866562805
1831.0,106.69250133070338
1832.0,136.5922306841852
1833.0,176.05744263525224
1834.0,201.74502617026866
1835.0,225.45140627064666
1836.0,223.7920158003721
1837.0,259.3543716377352
1838.0,232.13748104658964
1839.0,193.15734581996742
1840.0,160.18399190625547
1841.0,164.10987360780456
1842.0,122.23865780406862
1843.0,90.32066003982959
1844.0,48.97986816027729
1845.0,2.9016451907638556
1846.0,0.0
1847.0,0.0
1848.0,0.0
1849.0,2.2280776647186817
1850.0,0.7628143228319408
1851.0,19.420136325424217
1852.0,75.84748087547047
1853.0,171.18523571645864
1854.0,317.9368052247778
1855.0,477.9373623888717
1856.0,593.38943560238
1857.0,685.9091850823004
1858.0,711.2290794561701
1859.0,725.8474788393673
1860.0,755.0997647949653
1861.0,734.372416991632
1862.0,650.1223751375217
1863.0,561.343333761974
1864.0,417.20915283198633
1865.0,334.0877740677885
1866.0,204.12222870203823
1867.0,120.07902568738365
1868.0,64.74369989424216
1869.0,3.3212427019506308
1870.0,0.0
1871.0,0.0
1872.0,0.0
1873.0,3.364808653844471
1874.0,2.6683940684971326
1875.0,28.081468879194812
1876.0,64.77344232144222
1877.0,165.16825748135574
1878.0,275.02942197825246
1879.0,402.70424484959335
1880.0,528.4127132669943
1881.0,618.4462739166174
1882.0,576.8298966184472
1883.0,476.9599889148093
1884.0,349.4943155917438
1885.0,282.8099501648532
1886.0,235.75565270998177
1887.0,291.09770828948865
1888.0,286.8302703496625
1889.0,188.74501141890704
1890.0,110.67598156205926
1891.0,79.49740555469084
1892.0,47.88432462108848
1893.0,3.7034847351540643
1894.0,0.0
1895.0,0.0
1896.0,0.0
1897.0,2.5824406385925096
1898.0,1.6306247173443182
1899.0,12.690983825073854
1900.0,48.0800018987576
1901.0,101.2416550755724
1902.0,282.0005702793268
1903.0,438.8144670654133
1904.0,517.1190743077523
1905.0,560.6151822787047
1906.0,611.1934019146943
1907.0,660.1063092368641
1908.0,702.6845607432497
1909.0,697.9138939766348
1910.0,638.7482267209754
1911.0,552.0859321423945
1912.0,421.93366545554863
1913.0,337.22910651358546
1914.0,206.46148129088886
1915.0,122.4335785033374
1916.0,69.13068669931795
1917.0,4.70390449954871
1918.0,0.0
1919.0,0.0
1920.0,0.0
1921.0,1.9057127667410372
1922.0,3.3927676955333324
1923.0,24.597817804555774
1924.0,77.17354781722896
1925.0,172.21152603434513
1926.0,321.0768768456262
1927.0,461.1943675424088
1928.0,576.7329311615543
1929.0,656.5225280989616
1930.0,686.28487621052
1931.0,707.388394394826
1932.0,734.7804142666557
1933.0,727.432309215485
1934.0,644.9731454445232
1935.0,547.383251265273
1936.0,420.0590923672544
1937.0,332.2179879964782
1938.0,205.47805259911604
1939.0,119.87021275323663
1940.0,71.27133900546619
1941.0,4.849542874975146
1942.0,0.0
1943.0,0.0
1944.0,0.0
1945.0,2.6060844705667945
1946.0,4.250309038268712
1947.0,28.551140573745663
1948.0,77.91612689340411
1949.0,169.5066804780239
1950.0,315.88088223535055
1951.0,465.867784494674
1952.0,581.074041056005
1953.0,606.5805181324472
1954.0,675.2847078894824
1955.0,621.0465460753361
1956.0,518.5422904478945
1957.0,627.0296741584641
1958.0,490.7815153173734
1959.0,397.46366581972916
1960.0,318.935055418413
1961.0,230.29777523805762
1962.0,147.42553091701507
1963.0,103.469411882988
1964.0,50.675250524526305
1965.0,9.424375909029063
1966.0,0.0
1967.0,0.0
1968.0,0.0
1969.0,5.724337437397315
1970.0,1.483312223572876
1971.0,5.077436193025594
1972.0,38.164523100134446
1973.0,77.6968169466613
1974.0,124.42141082158673
1975.0,165.57289429934838
1976.0,217.21971416865222
1977.0,152.73373015814005
1978.0,185.99421059765632
1979.0,348.9576049697332
1980.0,508.33454032117413
1981.0,626.3295277950042
1982.0,550.9044399514869
1983.0,446.7342344450474
1984.0,339.74963118217767
1985.0,285.64663415681406
1986.0,177.44085197224183
1987.0,103.64195080136625
1988.0,61.04517693979506
1989.0,9.598902525525464
1990.0,0.0
1991.0,0.0
1992.0,0.0
1993.0,2.7202480513420815
1994.0,2.864153814401984
1995.0,4.338327077419322
1996.0,7.269008801019225
1997.0,26.070696345666384
1998.0,44.29522697916374
1999.0,89.0183329040764
2000.0,122.79335340729114
2001.0,159.29329667629355
2002.0,179.73593434298732
2003.0,197.80220220003233
2004.0,198.5347852141546
2005.0,289.0445355470333
2006.0,386.4805672566995
2007.0,439.12100853427046
2008.0,329.5024238338535
2009.0,208.69377497985124
2010.0,144.25272288131242
2011.0,86.57087354525528
2012.0,44.83341275720143
2013.0,7.604188046282248
2014.0,0.0
2015.0,0.0
2016.0,0.0
2017.0,2.753168250303431
2018.0,5.71825238020171
2019.0,32.24833820355717
2020.0,79.33707194968551
2021.0,164.1649547788191
2022.0,317.882286296841
2023.0,438.0661385390413
2024.0,538.8158657109315
2025.0,601.2937310311072
2026.0,633.4587585504875
2027.0,661.8648999077607
2028.0,639.9663196613922
2029.0,599.0904070696779
2030.0,475.97829731172817
2031.0,374.44145988982103
2032.0,303.6491800414258
2033.0,225.67743640031085
2034.0,144.10533113396832
2035.0,86.76211897863138
2036.0,51.49684831722807
2037.0,8.683112750649538
2038.0,0.0
2039.0,0.0
2040.0,0.0
2041.0,3.3998360258916103
2042.0,5.114704015262927
2043.0,31.913462777021422
2044.0,82.08243471272243
2045.0,172.03265757327287
2046.0,314.70379799465434
2047.0,451.9027930837899
2048.0,574.49290322191
2049.0,611.8287370902362
2050.0,657.6619565863527
2051.0,690.472063464749
2052.0,704.5109793728468
2053.0,651.3348434090121
2054.0,586.0538474213906
2055.0,455.4506488218881
2056.0,338.28715706711745
2057.0,247.6940978447205
2058.0,164.8898055958064
2059.0,104.92572244879895
2060.0,57.51424358804264
2061.0,12.374599222030797
2062.0,0.0
2063.0,0.0
2064.0,0.0
2065.0,1.5557100232648664
2066.0,2.5774917734918397
2067.0,27.569040163896247
2068.0,49.54868417254923
2069.0,68.70092426983044
2070.0,89.3620902761148
2071.0,105.3721540895827
2072.0,108.3760279709841
2073.0,174.1709052790519
2074.0,259.85057765852304
2075.0,201.90126578932666
2076.0,195.88667659368969
2077.0,234.6596779745176
2078.0,171.96511559688815
2079.0,165.20078689664263
2080.0,129.93916719119943
2081.0,103.4819096387101
2082.0,75.52204781737832
2083.0,49.972158044555854
2084.0,31.94124872186827
2085.0,5.634510893466868
2086.0,0.0
2087.0,0.0
2088.0,0.0
2089.0,3.046037959580683
2090.0,7.016908932156138
2091.0,3.792681588967969
2092.0,14.866592758502637
2093.0,22.14200474903832
2094.0,38.076334215302865
2095.0,78.25009033070003
2096.0,95.25732604856677
2097.0,82.79638404348269
2098.0,102.06692484854995
2099.0,132.32097096714176
2100.0,147.55072819288716
2101.0,181.89547652241293
2102.0,173.76822094177606
2103.0,182.55697222357082
2104.0,156.13768866838566
2105.0,127.29932182638692
2106.0,99.09493500076599
2107.0,66.63131558426787
2108.0,37.52392602447486
2109.0,6.702565805296512
2110.0,0.0
2111.0,0.0
2112.0,0.0
2113.0,2.636158098423456
2114.0,11.18281774166027
2115.0,33.84173472317464
2116.0,77.44331510643443
2117.0,144.35592761485194
2118.0,240.45975465266912
2119.0,335.2505258087566
2120.0,467.517381957467
2121.0,576.6721689426828
2122.0,622.4616348779373
2123.0,591.260390617986
2124.0,563.164743217036
2125.0,553.0507128703225
2126.0,429.35628077687943
2127.0,321.34490008087585
2128.0,226.89233874452893
2129.0,156.3633952247796
2130.0,98.26639688236764
2131.0,73.72459999638724
2132.0,42.84289683274728
2133.0,3.5366074483550394
2134.0,0.0
2135.0,0.0
2136.0,0.0
2137.0,2.2483728322983394
2138.0,5.629493308840639
2139.0,11.042599316028022
2140.0,28.786535675089773
2141.0,15.480179103947304
2142.0,30.29307036145336
2143.0,71.29395914048732
2144.0,172.52644043986965
2145.0,222.9786566994012
2146.0,321.759508483732
2147.0,402.6268544121584
2148.0,466.51407332703775
2149.0,446.4426618878315
2150.0,261.38021446229106
2151.0,218.16123056200888
2152.0,172.17785768245335
2153.0,148.6692961766227
2154.0,110.21755450367037
2155.0,78.98310125291674
2156.0,51.988227662329464
2157.0,4.8930561410160545
2158.0,0.0
2159.0,0.0
