id,Predictions
0,20.279235755340945
1,20.279235755340945
2,20.279235755340945
3,1123.6525984033085
4,959.4075166952956
5,959.4075166952956
6,2085.1098725698635
7,1639.7562397155775
8,1112.2184385417636
9,1112.2184385417636
10,1537.676512123072
11,2124.1837533402663
12,2556.4567416625296
13,1112.2184385417636
14,2325.052740403195
15,2325.105659271802
16,959.8770825058508
17,1123.6525984033085
18,959.8770825058508
19,1286.7272191775771
20,59.34670417396995
21,16.588222818994623
22,13.058229022496716
23,26.59017494539108
24,12.887738233702562
25,12.887738233702562
26,12.887738233702562
27,1126.936084220666
28,1112.2184385417636
29,1394.0203546534124
30,805.1494230921455
31,463.3356164804508
32,1474.959462373956
33,1474.959462373956
34,1455.721477616388
35,2217.549019608877
36,1541.6806907845537
37,2217.549019608877
38,1537.676512123072
39,904.0403500943992
40,959.4075166952956
41,1608.5343994483153
42,1565.1662164597676
43,1304.7565200544395
44,158.0637281519307
45,41.60218240386954
46,20.279235755340945
47,20.279235755340945
48,-4.264886193345445
49,15.26579001095206
50,2000.690941090352
51,283.7989527235688
52,283.7989527235688
53,529.3429937576374
54,1455.721477616388
55,1526.2713017111284
56,1526.2713017111284
57,401.9121227190968
58,1287.2424712199577
59,789.1377736601589
60,1068.13502021336
61,904.0403500943992
62,2000.690941090352
63,2429.8826023347124
64,1310.9611870053225
65,1295.3917117440592
66,1295.3917117440592
67,1295.3917117440592
68,18.589960656214554
69,13.925744221869214
70,-26.776334861891517
71,13.925744221869214
72,20.279235755340945
73,20.279235755340945
74,442.5149839946496
75,1281.284744317457
76,1281.284744317457
77,1394.128835372777
78,1297.2239205612975
79,1279.7506504251924
80,1546.383464594183
81,789.5425390290279
82,904.0403500943992
83,904.0403500943992
84,1943.567069194543
85,789.5425390290279
86,1256.884251679635
87,923.1863352188286
88,1092.929879520935
89,657.030061065194
90,1123.6525984033085
91,657.030061065194
92,1381.2150203994777
93,15.26579001095206
94,21.22863951363033
95,21.22863951363033
96,21.22863951363033
97,4.216680862873061
98,1088.8097761634117
99,1287.2424712199577
100,1126.936084220666
101,1416.6638926293822
102,529.3429937576374
103,805.1494230921455
104,805.1494230921455
105,805.1494230921455
106,805.1494230921455
107,805.1494230921455
108,805.1494230921455
109,1297.2239205612975
110,657.030061065194
111,555.5421470337197
112,584.7586684221282
113,584.7586684221282
114,584.7586684221282
115,584.7586684221282
116,1065.9114192762472
117,158.0637281519307
118,15.196557798249644
119,13.925744221869214
120,13.925744221869214
121,126.86816943269736
122,805.1494230921455
123,710.8187381736452
124,283.7989527235688
125,529.3429937576374
126,805.1494230921455
127,1088.8097761634117
128,1088.8097761634117
129,1541.6806907845537
130,1394.128835372777
131,1394.0203546534124
132,2006.839454574064
133,1352.965741521299
134,2325.105659271802
135,2429.8826023347124
136,1981.766204199243
137,1981.766204199243
138,1265.6044294042713
139,1265.6044294042713
140,1304.7565200544395
141,158.0637281519307
142,4.216680862873061
143,12.090530951333108
144,-4.264886193345445
145,-4.264886193345445
146,529.3429937576374
147,529.3429937576374
148,529.3429937576374
149,354.45662827535904
150,529.3429937576374
151,401.9121227190968
152,710.8187381736452
153,1088.8097761634117
154,2201.1191622584142
155,2201.1191622584142
156,1256.884251679635
157,1076.0106932180324
158,2325.105659271802
159,1329.729489983622
160,1088.6524805369718
161,1310.9611870053225
162,1310.9611870053225
163,1310.9611870053225
164,613.6236484268107
165,18.589960656214554
166,69.89646889804452
167,69.89646889804452
168,8.26233874158623
169,8.26233874158623
170,677.6292198942709
171,187.5489265049624
172,209.43730394220472
173,254.37576016566965
174,209.43730394220472
175,209.43730394220472
176,254.37576016566965
177,642.398335636865
178,289.4250375124978
179,1291.709045234006
180,1191.7911813463836
181,2015.934208658305
182,1981.766204199243
183,583.7087268507282
184,1286.7272191775771
185,583.7087268507282
186,583.7087268507282
187,1394.0203546534124
188,2057.676836518288
189,158.0637281519307
190,13.925744221869214
191,15.26579001095206
192,10.79405118859732
193,10.79405118859732
194,1295.3917117440592
195,1099.2251151184798
196,1099.2251151184798
197,1088.6524805369718
198,1352.965741521299
199,1745.9435274104417
200,1381.2150203994777
201,1610.9244817095243
202,2113.258582844816
203,1610.9244817095243
204,1439.7805001017116
205,1546.383464594183
206,2153.1822037677407
207,1543.3762251750757
208,942.0467814084868
209,675.4437416230819
210,697.186854412531
211,642.398335636865
212,642.398335636865
213,69.89646889804452
214,69.89646889804452
215,8.26233874158623
216,41.60218240386954
217,24.26788526451109
218,601.0396991351047
219,601.0396991351047
220,209.43730394220472
221,289.4250375124978
222,1341.2417936357826
223,1088.8097761634117
224,1532.8439656080354
225,1092.929879520935
226,2006.839454574064
227,1397.4178787457931
228,2325.105659271802
229,2429.8826023347124
230,613.6236484268107
231,1610.9244817095243
232,677.6292198942709
233,456.90842869439166
234,677.6292198942709
235,667.8787460986528
236,456.90842869439166
237,13.058229022496716
238,2.009016025585012
239,2.009016025585012
240,14.19060380178104
241,16.588222818994623
242,143.82276026476626
243,942.0467814084868
244,1439.7805001017116
245,2153.1822037677407
246,1341.2417936357826
247,1329.729489983622
248,1265.6044294042713
249,442.5149839946496
250,942.0467814084868
251,556.2042568764742
252,556.2042568764742
253,1310.9611870053225
254,2434.5035653628297
255,1608.5343994483153
256,1608.5343994483153
257,2057.676836518288
258,1608.5343994483153
259,1608.5343994483153
260,1286.7272191775771
261,69.89646889804452
262,27.80894611590633
263,27.80894611590633
264,16.588222818994623
265,14.19060380178104
266,959.8770825058508
267,657.030061065194
268,657.030061065194
269,903.5468033996686
270,1092.929879520935
271,1070.3610726099598
272,1070.3610726099598
273,1070.3610726099598
274,749.0347050083625
275,1745.9435274104417
276,1329.729489983622
277,1753.421410172952
278,1281.284744317457
279,1304.7565200544395
280,2057.676836518288
281,1979.884620355121
282,778.8354614237896
283,442.5149839946496
284,697.186854412531
285,69.89646889804452
286,16.588222818994623
287,69.89646889804452
288,24.26788526451109
289,13.058229022496716
290,959.4075166952956
291,1752.4602198047453
292,1281.284744317457
293,555.5421470337197
294,2325.052740403195
295,2325.105659271802
296,2325.105659271802
297,2015.934208658305
298,2556.4567416625296
299,2556.4567416625296
300,2556.4567416625296
301,1844.0876583674813
302,1979.884620355121
303,1234.351911493333
304,1435.6240660006788
305,2045.131210936272
306,2045.131210936272
307,1291.709045234006
308,1304.7565200544395
309,126.86816943269736
310,41.60218240386954
311,14.19060380178104
312,26.59017494539108
313,158.0637281519307
314,903.5468033996686
315,2556.4567416625296
316,1076.0106932180324
317,1275.683634826353
318,2325.105659271802
319,1329.729489983622
320,2124.1837533402663
321,2124.1837533402663
322,1416.6638926293822
323,1745.9435274104417
324,2113.258582844816
325,2153.1822037677407
326,1752.4602198047453
327,1610.9244817095243
328,601.0396991351047
329,442.5149839946496
330,209.43730394220472
331,254.7946748616038
332,254.7946748616038
333,69.89646889804452
334,69.89646889804452
335,69.89646889804452
336,69.89646889804452
337,158.0637281519307
338,187.5489265049624
339,177.55508708715803
340,1543.3762251750757
341,1234.351911493333
342,749.0347050083625
343,1352.965741521299
344,1275.683634826353
345,1275.683634826353
346,1844.0876583674813
347,2325.105659271802
348,2000.690941090352
349,1752.4602198047453
350,1304.7565200544395
351,1099.2251151184798
352,2434.5035653628297
353,2434.5035653628297
354,1264.4210973287736
355,1264.4210973287736
356,1435.6240660006788
357,158.0637281519307
358,20.719261291703138
359,20.719261291703138
360,2.009016025585012
361,158.0637281519307
362,1608.5343994483153
363,1325.116535124194
364,1325.116535124194
365,1844.0876583674813
366,1329.729489983622
367,1329.729489983622
368,2325.105659271802
369,2325.105659271802
370,2325.052740403195
371,2085.1098725698635
372,2556.4567416625296
373,1752.4602198047453
374,1304.7565200544395
375,1088.6524805369718
376,1435.6240660006788
377,1979.884620355121
378,1979.884620355121
379,1979.884620355121
380,1543.3762251750757
381,69.89646889804452
382,20.719261291703138
383,69.89646889804452
384,2.009016025585012
385,158.0637281519307
386,209.43730394220472
387,209.43730394220472
388,919.8466182923974
389,469.0275249416664
390,1295.3917117440592
391,1123.6525984033085
392,1341.2417936357826
393,1341.2417936357826
394,1752.4602198047453
395,1275.683634826353
396,1753.421410172952
397,2045.131210936272
398,1065.9114192762472
399,1065.9114192762472
400,1286.7272191775771
401,1286.7272191775771
402,657.030061065194
403,1053.0691315221984
404,1053.0691315221984
405,158.0637281519307
406,15.196557798249644
407,13.058229022496716
408,13.058229022496716
409,583.7087268507282
410,1279.7506504251924
411,1279.7506504251924
412,1279.7506504251924
413,1112.2184385417636
414,923.1863352188286
415,1639.7562397155775
416,1639.7562397155775
417,1639.7562397155775
418,1481.343313015925
419,1532.8439656080354
420,1456.972349385459
421,1943.567069194543
422,1943.567069194543
423,1329.729489983622
424,1325.116535124194
425,959.4075166952956
426,1325.116535124194
427,2015.934208658305
428,1053.0691315221984
429,456.90842869439166
430,26.59017494539108
431,18.589960656214554
432,27.80894611590633
433,1053.0691315221984
434,1070.3610726099598
435,1752.4602198047453
436,1152.2125466339785
437,789.5425390290279
438,1068.13502021336
439,1088.8097761634117
440,1088.8097761634117
441,1088.8097761634117
442,1481.343313015925
443,1397.4178787457931
444,587.213303589396
445,919.8466182923974
446,1264.4210973287736
447,1435.6240660006788
448,1295.3917117440592
449,903.5468033996686
450,919.8466182923974
451,749.0347050083625
452,1329.729489983622
453,254.7946748616038
454,15.26579001095206
455,59.34670417396995
456,41.60218240386954
457,556.2042568764742
458,1281.284744317457
459,934.622271424436
460,1745.9435274104417
461,1745.9435274104417
462,945.812352612108
463,1456.972349385459
464,1456.972349385459
465,1456.972349385459
466,789.5425390290279
467,1532.8439656080354
468,2217.549019608877
469,1297.2239205612975
470,1546.383464594183
471,1092.929879520935
472,1281.284744317457
473,1608.5343994483153
474,1608.5343994483153
475,1608.5343994483153
476,1435.6240660006788
477,556.2042568764742
478,69.89646889804452
479,16.588222818994623
480,15.26579001095206
481,1532.8439656080354
482,529.3429937576374
483,709.4816254175455
484,709.4816254175455
485,709.4816254175455
486,618.2957891191642
487,805.1494230921455
488,805.1494230921455
489,2217.549019608877
490,1214.0822160109888
491,2124.1837533402663
492,1629.7673835162482
493,1297.2239205612975
494,1397.4178787457931
495,2006.839454574064
496,1281.284744317457
497,1281.284744317457
498,1281.284744317457
499,1979.884620355121
500,1275.683634826353
501,556.2042568764742
502,-4.264886193345445
503,-26.776334861891517
504,41.60218240386954
505,1286.7272191775771
506,1070.3610726099598
507,401.9121227190968
508,283.7989527235688
509,529.3429937576374
510,529.3429937576374
511,618.2957891191642
512,529.3429937576374
513,529.3429937576374
514,529.3429937576374
515,1532.8439656080354
516,2217.549019608877
517,1526.2713017111284
518,1341.2417936357826
519,1565.1662164597676
520,1826.7469690821456
521,1826.7469690821456
522,1826.7469690821456
523,1826.7469690821456
524,1341.2417936357826
525,143.82276026476626
526,69.89646889804452
527,8.26233874158623
528,12.090530951333108
529,442.5149839946496
530,778.8354614237896
531,1608.5343994483153
532,555.5421470337197
533,1541.6806907845537
534,1068.13502021336
535,529.3429937576374
536,1474.959462373956
537,1286.7272191775771
538,1065.9114192762472
539,684.460749980362
540,354.45662827535904
541,1455.721477616388
542,945.812352612108
543,529.3429937576374
544,463.3356164804508
545,463.3356164804508
546,283.7989527235688
547,1532.8439656080354
548,1532.8439656080354
549,778.8354614237896
550,13.925744221869214
551,4.216680862873061
552,69.89646889804452
553,158.0637281519307
554,442.5149839946496
555,601.0396991351047
556,613.6236484268107
557,143.82276026476626
558,143.82276026476626
559,1610.9244817095243
560,2113.258582844816
561,959.4075166952956
562,2085.1098725698635
563,1286.7272191775771
564,1608.5343994483153
565,959.4075166952956
566,1275.683634826353
567,934.622271424436
568,431.51548784190805
569,431.51548784190805
570,1329.729489983622
571,431.51548784190805
572,431.51548784190805
573,601.0396991351047
574,69.89646889804452
575,59.34670417396995
576,126.86816943269736
577,1092.929879520935
578,401.9121227190968
579,401.9121227190968
580,401.9121227190968
581,463.3356164804508
582,684.460749980362
583,283.7989527235688
584,529.3429937576374
585,529.3429937576374
586,529.3429937576374
587,529.3429937576374
588,529.3429937576374
589,1214.0822160109888
590,1297.2239205612975
591,1537.676512123072
592,789.1377736601589
593,789.1377736601589
594,789.1377736601589
595,789.1377736601589
596,945.812352612108
597,778.8354614237896
598,158.0637281519307
599,15.26579001095206
600,20.279235755340945
601,737.8018792383533
602,1629.7673835162482
603,1629.7673835162482
604,1629.7673835162482
605,2217.549019608877
606,643.7085382862999
607,673.9067963618406
608,673.9067963618406
609,673.9067963618406
610,673.9067963618406
611,1481.343313015925
612,1214.0822160109888
613,1416.6638926293822
614,657.030061065194
615,737.8018792383533
616,1264.4210973287736
617,1264.4210973287736
618,1264.4210973287736
619,1234.351911493333
620,1065.9114192762472
621,667.8787460986528
622,69.89646889804452
623,24.26788526451109
624,41.60218240386954
625,675.4437416230819
626,1152.2125466339785
627,1329.729489983622
628,1329.729489983622
629,1329.729489983622
630,1112.2184385417636
631,1745.9435274104417
632,1123.6525984033085
633,749.0347050083625
634,959.4075166952956
635,1753.421410172952
636,1281.284744317457
637,1295.3917117440592
638,919.8466182923974
639,1123.6525984033085
640,919.8466182923974
641,587.213303589396
642,442.5149839946496
643,697.186854412531
644,177.55508708715803
645,143.82276026476626
646,69.89646889804452
647,16.588222818994623
648,20.279235755340945
649,209.43730394220472
650,442.5149839946496
651,289.4250375124978
652,254.37576016566965
653,209.43730394220472
654,442.5149839946496
655,675.4437416230819
656,209.43730394220472
657,209.43730394220472
658,778.8354614237896
659,778.8354614237896
660,1381.2150203994777
661,2045.131210936272
662,469.0275249416664
663,583.7087268507282
664,1065.9114192762472
665,601.0396991351047
666,1286.7272191775771
667,667.8787460986528
668,187.5489265049624
669,209.43730394220472
670,69.89646889804452
671,69.89646889804452
672,15.196557798249644
673,1291.709045234006
674,789.5425390290279
675,789.5425390290279
676,643.7085382862999
677,643.7085382862999
678,789.1377736601589
679,789.1377736601589
680,789.1377736601589
681,789.1377736601589
682,789.1377736601589
683,923.1863352188286
684,1297.2239205612975
685,1191.7911813463836
686,934.622271424436
687,959.4075166952956
688,1076.0106932180324
689,1394.128835372777
690,1191.7911813463836
691,1092.929879520935
692,1092.929879520935
693,177.55508708715803
694,10.79405118859732
695,12.090530951333108
696,13.058229022496716
697,143.82276026476626
698,1152.2125466339785
699,749.0347050083625
700,904.0403500943992
701,1610.9244817095243
702,1439.7805001017116
703,583.7087268507282
704,904.0403500943992
705,1256.884251679635
706,1279.7506504251924
707,2201.1191622584142
708,1126.936084220666
709,1565.1662164597676
710,1295.3917117440592
711,737.8018792383533
712,1435.6240660006788
713,1264.4210973287736
714,1264.4210973287736
715,919.8466182923974
716,749.0347050083625
717,556.2042568764742
718,69.89646889804452
719,20.279235755340945
720,-0.000578088081798
721,-0.000578088081798
722,-0.000578088081798
723,-0.0327717790320308
724,1.097286404212588
725,1.097286404212588
726,1.097286404212588
727,0.2914925595606633
728,1.097286404212588
729,0.3199952471939064
730,1.006256988327588
731,1.4373166505610722
732,1.006256988327588
733,0.1906215097808097
734,0.0709671383997302
735,0.0709671383997302
736,0.0709671383997302
737,0.0709671383997302
738,0.0709671383997302
739,1.1178882161522654
740,0.0485891755938641
741,-0.000578088081798
742,0.0007902379568435
743,0.0232174041234486
744,0.0514336223115037
745,0.0514336223115037
746,0.0514336223115037
747,0.3620353224407069
748,0.2914925595606633
749,0.6256412055564669
750,1.229284033546988
751,1.156538283592518
752,3.7942391109739337
753,1.4388180988315544
754,1.4388180988315544
755,0.3402649584599441
756,1.1923611037957071
757,1.1923611037957071
758,2.0979483286496285
759,2.0979483286496285
760,2.1907866048866644
761,0.2903402029218417
762,1.5445753261190067
763,-0.2392149163279549
764,0.0485891755938641
765,0.0017339904245239
766,0.0018436998754747
767,0.0514336223115037
768,0.0163291219147441
769,0.0040408522742761
770,0.0523464027160664
771,0.437597410568961
772,0.437597410568961
773,0.0427517851489958
774,0.0427517851489958
775,0.0427517851489958
776,0.0427517851489958
777,0.0847711159730138
778,1.9107549481425488
779,1.229284033546988
780,1.4388180988315544
781,0.7233268381332597
782,1.021338836250123
783,1.021338836250123
784,1.021338836250123
785,1.1923611037957071
786,1.1923611037957071
787,1.1923611037957071
788,0.0485891755938641
789,0.0514336223115037
790,0.0163291219147441
791,0.0040408522742761
792,-0.0268965892337122
793,0.0163291219147441
794,0.3623862051481776
795,0.9465164953088994
796,0.9465164953088994
797,0.5749210774399052
798,0.5749210774399052
799,0.5749210774399052
800,0.9465164953088994
801,0.3199952471939064
802,0.0614938741301994
803,0.7068084742692229
804,1.4697202379363226
805,0.3402649584599441
806,0.2914925595606633
807,0.2914925595606633
808,0.2914925595606633
809,1.0942468924637274
810,0.3620353224407069
811,1.0942468924637274
812,0.383826261250307
813,0.0232174041234486
814,0.0040408522742761
815,0.0040408522742761
816,0.0163291219147441
817,-0.0067335912476884
818,0.5749210774399052
819,1.1923611037957071
820,0.7233268381332597
821,0.4231666299107029
822,1.4388180988315544
823,1.156538283592518
824,1.156538283592518
825,5.895877384768444
826,3.7942391109739337
827,6.2469369786315525
828,2.118327970227801
829,0.1078337558498922
830,1.4388180988315544
831,0.3952084757428046
832,0.3952084757428046
833,0.3952084757428046
834,0.3952084757428046
835,0.3952084757428046
836,0.1586226946796674
837,0.0485891755938641
838,0.2492184509816594
839,0.2492184509816594
840,0.1020911911818038
841,0.0202613442537585
842,0.3224569822057515
843,0.0427517851489958
844,0.0427517851489958
845,0.0427517851489958
846,1.6648414473117257
847,1.1923611037957071
848,1.1923611037957071
849,4.546512973748416
850,0.7233268381332597
851,1.4386890267243229
852,1.4697202379363226
853,0.6130712749472733
854,0.1726568696966972
855,0.3952084757428046
856,0.3952084757428046
857,0.3952084757428046
858,0.1726568696966972
859,0.1726568696966972
860,0.3140098386119307
861,0.0485891755938641
862,0.0163291219147441
863,0.1020911911818038
864,-0.0067335912476884
865,0.0042188904064152
866,2.1907866048866644
867,0.0427517851489958
868,0.0427517851489958
869,0.0427517851489958
870,0.1529867794165841
871,0.0847711159730138
872,0.437597410568961
873,0.4065774966467825
874,5.895877384768444
875,6.2469369786315525
876,1.4388180988315544
877,0.1063340068052169
878,0.1063340068052169
879,0.1063340068052169
880,0.2914925595606633
881,1.4373166505610722
882,1.4373166505610722
883,1.4373166505610722
884,0.0523464027160664
885,0.0485891755938641
886,0.2492184509816594
887,0.3400922049739264
888,0.1020911911818038
889,0.1020911911818038
890,1.87386983950388
891,0.3140098386119307
892,0.1501406229441829
893,0.1501406229441829
894,0.1501406229441829
895,0.1501406229441829
896,1.1178882161522654
897,0.383826261250307
898,0.3354951338552392
899,8.17439967673156
900,4.302776430629059
901,-0.0453122935064993
902,1.0180857458957682
903,1.7629064936917471
904,1.7629064936917471
905,0.3199952471939064
906,0.1906215097808097
907,0.3620353224407069
908,0.1264767513480353
909,0.0042188904064152
910,-0.0067335912476884
911,-0.0268965892337122
912,0.2492184509816594
913,0.2492184509816594
914,-0.0327717790320308
915,0.3122417697656159
916,0.3122417697656159
917,0.3122417697656159
918,1.097286404212588
919,1.097286404212588
920,2.269951296214616
921,2.3189322338681464
922,3.5967060563630984
923,8.17439967673156
924,2.3189322338681464
925,0.5292191452585162
926,4.302776430629059
927,2.3189322338681464
928,2.3189322338681464
929,2.061719147612721
930,1.87386983950388
931,0.4225705754854947
932,0.0514336223115037
933,0.0042188904064152
934,0.0485891755938641
935,0.0485891755938641
936,0.2492184509816594
937,0.0485891755938641
938,1.4174340919073285
939,0.3140098386119307
940,1.1178882161522654
941,0.3354951338552392
942,2.3189322338681464
943,0.7233268381332597
944,1.4386890267243229
945,3.514222724863981
946,1.1923611037957071
947,0.4231666299107029
948,1.4386890267243229
949,2.3189322338681464
950,0.1586226946796674
951,1.0193250794715456
952,0.1501406229441829
953,0.3623862051481776
954,0.3140098386119307
955,2.061719147612721
956,0.3623862051481776
957,0.0485891755938641
958,0.4433535564368549
959,0.4433535564368549
960,0.5118830531039523
961,0.5118830531039523
962,1.0193250794715456
963,0.1586226946796674
964,0.4905042679366051
965,1.097286404212588
966,1.097286404212588
967,1.097286404212588
968,-0.2392149163279549
969,1.1964642512144636
970,1.87386983950388
971,2.061719147612721
972,2.061719147612721
973,1.0180857458957682
974,0.3199952471939064
975,0.1962656160331356
976,0.9192245734026764
977,1.9107549481425488
978,0.9192245734026764
979,0.9192245734026764
980,2.5022535792584475
981,0.2492184509816594
982,0.2492184509816594
983,0.2492184509816594
984,0.0202613442537585
985,0.0163291219147441
986,1.006256988327588
987,1.097286404212588
988,1.097286404212588
989,0.1906215097808097
990,0.3952084757428046
991,0.3952084757428046
992,0.3952084757428046
993,0.6737976549599268
994,2.7413183309950995
995,5.113064892839318
996,5.113064892839318
997,1.2445412848793205
998,-0.2081536894523825
999,1.0942468924637274
1000,1.0942468924637274
1001,0.7233268381332597
1002,1.87386983950388
1003,0.0523464027160664
1004,1.1178882161522654
1005,0.0040408522742761
1006,0.4621898034659141
1007,0.0163291219147441
1008,0.0232174041234486
1009,0.0018436998754747
1010,1.0942468924637274
1011,0.6737976549599268
1012,1.4697202379363226
1013,1.5445753261190067
1014,0.6256412055564669
1015,0.4231666299107029
1016,0.4231666299107029
1017,0.1962656160331356
1018,0.8477794935504422
1019,0.7233268381332597
1020,1.5445753261190067
1021,0.7116278572597668
1022,1.4386890267243229
1023,0.1962656160331356
1024,0.5979118287238249
1025,0.3778411674546968
1026,0.3778411674546968
1027,1.4386890267243229
1028,0.1962656160331356
1029,0.0485891755938641
1030,-0.002735341649667
1031,-0.002735341649667
1032,-0.021015591051242
1033,0.0204220501988917
1034,0.3199952471939064
1035,2.689488293199691
1036,1.1923611037957071
1037,2.689488293199691
1038,0.4231666299107029
1039,2.5022535792584475
1040,2.7413183309950995
1041,2.5022535792584475
1042,4.546512973748416
1043,2.497048194285679
1044,1.8823592936322908
1045,0.5810222118038942
1046,1.0180857458957682
1047,0.1586226946796674
1048,0.1586226946796674
1049,0.3140098386119307
1050,0.0523464027160664
1051,0.3140098386119307
1052,0.3140098386119307
1053,0.0040408522742761
1054,0.0017339904245239
1055,0.0017339904245239
1056,0.0018436998754747
1057,0.006624510390236
1058,0.3140098386119307
1059,0.3140098386119307
1060,2.061719147612721
1061,0.1962656160331356
1062,0.3199952471939064
1063,0.3199952471939064
1064,0.7068084742692229
1065,0.7068084742692229
1066,-0.0453122935064993
1067,0.0614938741301994
1068,0.0614938741301994
1069,1.2445412848793205
1070,0.5810222118038942
1071,0.5810222118038942
1072,0.5810222118038942
1073,0.5810222118038942
1074,1.021338836250123
1075,0.6130712749472733
1076,2.3189322338681464
1077,0.0485891755938641
1078,-0.021015591051242
1079,-0.002735341649667
1080,0.0514336223115037
1081,0.0204220501988917
1082,1.1964642512144636
1083,1.006256988327588
1084,1.006256988327588
1085,0.7116278572597668
1086,0.7116278572597668
1087,0.0749226559489363
1088,0.8477794935504422
1089,0.5979118287238249
1090,0.3778411674546968
1091,0.6130712749472733
1092,0.6737976549599268
1093,1.2445412848793205
1094,1.7629064936917471
1095,3.5967060563630984
1096,1.006256988327588
1097,0.0738974649735813
1098,0.0738974649735813
1099,0.0738974649735813
1100,0.3140098386119307
1101,0.0007902379568435
1102,-0.000578088081798
1103,-0.000578088081798
1104,-0.000578088081798
1105,-0.0067335912476884
1106,0.3140098386119307
1107,0.0523464027160664
1108,0.4905042679366051
1109,1.9158331664069923
1110,2.3189322338681464
1111,1.9158331664069923
1112,0.9465164953088994
1113,0.9465164953088994
1114,3.737587111958118
1115,-0.0327717790320308
1116,0.3199952471939064
1117,0.3122417697656159
1118,0.5898175537615031
1119,0.5898175537615031
1120,0.3199952471939064
1121,0.7068084742692229
1122,1.4388180988315544
1123,-0.2081536894523825
1124,-0.2081536894523825
1125,0.0485891755938641
1126,0.0204220501988917
1127,0.0514336223115037
1128,0.0040408522742761
1129,0.0523464027160664
1130,-0.0411382863074055
1131,-0.0411382863074055
1132,-0.0411382863074055
1133,0.1529867794165841
1134,-0.1990319845299915
1135,0.1529867794165841
1136,0.1529867794165841
1137,0.1529867794165841
1138,0.0298846354581774
1139,1.229284033546988
1140,0.2903402029218417
1141,1.6648414473117257
1142,3.7942391109739337
1143,1.6648414473117257
1144,0.437597410568961
1145,0.437597410568961
1146,0.437597410568961
1147,2.118327970227801
1148,2.118327970227801
1149,0.383826261250307
1150,-0.021015591051242
1151,0.0005652369538776
1152,0.1020911911818038
1153,1.5292334142517217
1154,2.0979483286496285
1155,1.021338836250123
1156,0.3645621819553729
1157,0.3645621819553729
1158,-0.0338674424757616
1159,0.251007865564742
1160,0.251007865564742
1161,0.0298846354581774
1162,0.0298846354581774
1163,5.113064892839318
1164,-0.2392149163279549
1165,1.0180857458957682
1166,-0.2392149163279549
1167,4.302776430629059
1168,0.0738974649735813
1169,2.497048194285679
1170,1.3413278790666523
1171,5.113064892839318
1172,-0.0327717790320308
1173,0.0514336223115037
1174,0.0005652369538776
1175,0.3400922049739264
1176,0.0485891755938641
1177,0.4225705754854947
1178,0.3199952471939064
1179,1.4386890267243229
1180,0.8995238372022347
1181,0.8995238372022347
1182,-0.0338674424757616
1183,0.8995238372022347
1184,0.8995238372022347
1185,1.8823592936322908
1186,0.4065774966467825
1187,0.251007865564742
1188,0.251007865564742
1189,6.2469369786315525
1190,1.4388180988315544
1191,1.4388180988315544
1192,1.4388180988315544
1193,1.4388180988315544
1194,2.7413183309950995
1195,2.7413183309950995
1196,0.1962656160331356
1197,0.702521367890438
1198,-0.0067335912476884
1199,0.0485891755938641
1200,0.0485891755938641
1201,2.3189322338681464
1202,0.0427517851489958
1203,0.3224569822057515
1204,0.1529867794165841
1205,0.1529867794165841
1206,0.1529867794165841
1207,0.1529867794165841
1208,0.1529867794165841
1209,0.0847711159730138
1210,0.437597410568961
1211,0.2914925595606633
1212,0.2637959038704731
1213,-0.2471612627644777
1214,1.156538283592518
1215,1.156538283592518
1216,1.156538283592518
1217,1.156538283592518
1218,1.156538283592518
1219,-0.2471612627644777
1220,0.2914925595606633
1221,0.1501406229441829
1222,0.006624510390236
1223,0.3400922049739264
1224,0.0485891755938641
1225,0.0523464027160664
1226,2.5022535792584475
1227,0.4065774966467825
1228,0.1529867794165841
1229,-0.1990319845299915
1230,-0.1990319845299915
1231,0.0847711159730138
1232,-0.0338674424757616
1233,0.2637959038704731
1234,-0.0338674424757616
1235,1.4388180988315544
1236,0.3402649584599441
1237,5.113064892839318
1238,0.4231666299107029
1239,2.7413183309950995
1240,0.0820248156188021
1241,0.0820248156188021
1242,0.0820248156188021
1243,0.0820248156188021
1244,2.5022535792584475
1245,0.006624510390236
1246,0.0485891755938641
1247,0.0485891755938641
1248,0.0485891755938641
1249,0.702521367890438
1250,0.0523464027160664
1251,1.3320476137928892
1252,0.7116278572597668
1253,0.0117832470547278
1254,0.2914925595606633
1255,1.3413278790666523
1256,1.021338836250123
1257,1.87386983950388
1258,0.4905042679366051
1259,0.251007865564742
1260,5.895877384768444
1261,0.0117832470547278
1262,0.1078337558498922
1263,2.118327970227801
1264,2.118327970227801
1265,2.118327970227801
1266,1.93294255708261
1267,0.3645621819553729
1268,0.3645621819553729
1269,0.1501406229441829
1270,0.0040408522742761
1271,0.0485891755938641
1272,0.0040408522742761
1273,0.0485891755938641
1274,0.1264767513480353
1275,1.87386983950388
1276,1.1964642512144636
1277,0.3623862051481776
1278,0.3623862051481776
1279,2.061719147612721
1280,0.9465164953088994
1281,0.5898175537615031
1282,0.3199952471939064
1283,0.1264767513480353
1284,0.3140098386119307
1285,0.3199952471939064
1286,0.5556898354943843
1287,0.5556898354943843
1288,0.5556898354943843
1289,0.5556898354943843
1290,1.4388180988315544
1291,0.5556898354943843
1292,0.5556898354943843
1293,0.3623862051481776
1294,0.0007902379568435
1295,-0.0067335912476884
1296,0.0163291219147441
1297,2.3189322338681464
1298,0.0427517851489958
1299,0.0427517851489958
1300,0.0427517851489958
1301,0.0427517851489958
1302,0.0427517851489958
1303,0.0427517851489958
1304,0.5896732344647112
1305,0.0847711159730138
1306,0.0847711159730138
1307,0.437597410568961
1308,4.732525738110409
1309,1.0942468924637274
1310,0.0749226559489363
1311,0.0749226559489363
1312,1.6648414473117257
1313,1.6648414473117257
1314,1.6648414473117257
1315,1.6648414473117257
1316,1.6648414473117257
1317,0.1501406229441829
1318,0.0005652369538776
1319,0.0202613442537585
1320,0.4621898034659141
1321,8.17439967673156
1322,0.0427517851489958
1323,0.0427517851489958
1324,0.0427517851489958
1325,0.0427517851489958
1326,0.0427517851489958
1327,0.0427517851489958
1328,0.0427517851489958
1329,0.5896732344647112
1330,2.1907866048866644
1331,2.1907866048866644
1332,1.93294255708261
1333,0.4065774966467825
1334,0.1078337558498922
1335,1.1923611037957071
1336,1.1923611037957071
1337,1.1923611037957071
1338,1.1923611037957071
1339,0.4108721200446376
1340,0.7068084742692229
1341,0.3623862051481776
1342,-0.0268965892337122
1343,0.3400922049739264
1344,0.3400922049739264
1345,0.1501406229441829
1346,0.2914925595606633
1347,0.2914925595606633
1348,0.2914925595606633
1349,0.2914925595606633
1350,0.2914925595606633
1351,-0.2471612627644777
1352,1.3413278790666523
1353,2.0979483286496285
1354,3.514222724863981
1355,2.7413183309950995
1356,4.546512973748416
1357,2.689488293199691
1358,2.689488293199691
1359,5.113064892839318
1360,1.1923611037957071
1361,0.5979118287238249
1362,2.3189322338681464
1363,1.3320476137928892
1364,1.3320476137928892
1365,0.702521367890438
1366,0.4621898034659141
1367,0.5118830531039523
1368,0.4433535564368549
1369,0.4225705754854947
1370,1.4174340919073285
1371,1.0193250794715456
1372,1.5292334142517217
1373,1.5292334142517217
1374,1.4174340919073285
1375,1.87386983950388
1376,1.1178882161522654
1377,1.1178882161522654
1378,2.3189322338681464
1379,2.3189322338681464
1380,2.3189322338681464
1381,0.6256412055564669
1382,2.689488293199691
1383,2.689488293199691
1384,0.8477794935504422
1385,2.3189322338681464
1386,1.9158331664069923
1387,0.1586226946796674
1388,0.0523464027160664
1389,0.0514336223115037
1390,0.1020911911818038
1391,0.3400922049739264
1392,0.0006820114099736
1393,1.87386983950388
1394,0.437597410568961
1395,0.518577431234164
1396,0.4108721200446376
1397,0.4108721200446376
1398,0.518577431234164
1399,0.518577431234164
1400,0.518577431234164
1401,4.732525738110409
1402,3.514222724863981
1403,2.5022535792584475
1404,2.497048194285679
1405,0.9192245734026764
1406,0.5292191452585162
1407,0.5292191452585162
1408,0.0117832470547278
1409,1.8823592936322908
1410,0.3952084757428046
1411,0.7068084742692229
1412,0.7068084742692229
1413,0.3354951338552392
1414,0.0006820114099736
1415,-0.000578088081798
1416,-0.000578088081798
1417,0.3623862051481776
1418,-0.2392149163279549
1419,1.0180857458957682
1420,0.7068084742692229
1421,2.269951296214616
1422,1.87386983950388
1423,2.269951296214616
1424,4.274699781773793
1425,4.274699781773793
1426,4.274699781773793
1427,1.097286404212588
1428,1.7629064936917471
1429,0.9465164953088994
1430,1.0180857458957682
1431,3.737587111958118
1432,3.737587111958118
1433,-0.0327717790320308
1434,-0.0453122935064993
1435,-0.0327717790320308
1436,-0.2392149163279549
1437,0.3623862051481776
1438,0.0163291219147441
1439,0.0006820114099736
1440,9.754090510458663e-05
1441,9.788250914885536e-05
1442,9.788250914885536e-05
1443,5.556620763792481
1444,0.8267031366759564
1445,2.781560310813857
1446,2.781560310813857
1447,1.2076671110542814
1448,2.781560310813857
1449,2.781560310813857
1450,2.2214759903328387
1451,5.688093097877153
1452,4.894455009699909
1453,3.979581304070107
1454,1.2076671110542814
1455,1.2076671110542814
1456,0.353987897476231
1457,0.353987897476231
1458,3.4415098437101364
1459,1.6008247166617828
1460,-0.0011283835968416
1461,9.708747732388764e-05
1462,9.754785633621202e-05
1463,9.753010784529164e-05
1464,9.754090510458663e-05
1465,9.754090510458663e-05
1466,9.754090510458663e-05
1467,4.41691291345517
1468,7.112365400867656
1469,7.313904067661213
1470,7.313904067661213
1471,12.221686161080436
1472,4.623111217646308
1473,4.623111217646308
1474,9.34138385119367
1475,2.173685639473633
1476,5.254403372267709
1477,4.706710781607791
1478,10.707419724038855
1479,12.221686161080436
1480,1.9560126077868247
1481,6.485748136621054
1482,1.7958755946211853
1483,0.914020766799717
1484,9.754090510458663e-05
1485,9.788250914885536e-05
1486,9.788250914885536e-05
1487,9.754785633621202e-05
1488,9.751948340578738e-05
1489,9.754090510458663e-05
1490,0.0074471324390056
1491,5.977342929204641
1492,3.8923885862479537
1493,-0.0901876098741572
1494,7.313904067661213
1495,2.645612062041573
1496,-0.0901876098741572
1497,1.3760528898757496
1498,5.556620763792481
1499,5.556620763792481
1500,5.556620763792481
1501,7.34845917420287
1502,7.220795371417381
1503,5.5798242413352765
1504,5.556620763792481
1505,0.4362325103664846
1506,0.4362325103664846
1507,2.2262973846636096
1508,-0.0728209428391461
1509,0.0074471324390056
1510,9.754785633621202e-05
1511,9.753010784529164e-05
1512,9.69774243923267e-05
1513,9.708747732388764e-05
1514,0.0074471324390056
1515,2.2262973846636096
1516,2.2262973846636096
1517,1.7680562199297611
1518,1.7680562199297611
1519,5.662844495259286
1520,8.953678160801392
1521,2.2262973846636096
1522,2.2262973846636096
1523,2.2262973846636096
1524,2.2262973846636096
1525,0.6325978317966557
1526,0.5295067701591073
1527,0.5295067701591073
1528,6.264011773218656
1529,2.13040151097928
1530,2.13040151097928
1531,2.2262973846636096
1532,-0.0237900718346952
1533,-1.5788037120956196e-05
1534,0.0001018509373228
1535,0.0001018509373228
1536,9.754090510458663e-05
1537,9.754090510458663e-05
1538,8.703359730256755
1539,3.8923885862479537
1540,2.1425187850795804
1541,1.8104666615609184
1542,10.67269369964088
1543,10.67269369964088
1544,10.67269369964088
1545,10.67269369964088
1546,10.67269369964088
1547,10.67269369964088
1548,6.094974889335721
1549,7.313904067661213
1550,0.6325978317966557
1551,1.7958755946211853
1552,4.5888385267566125
1553,4.5888385267566125
1554,4.5888385267566125
1555,2.645612062041573
1556,0.0831925375771976
1557,3.654724395245027e-05
1558,9.753010784529164e-05
1559,9.751948340578738e-05
1560,0.000161216665422
1561,9.159581694112112e-05
1562,2.1425187850795804
1563,1.2076671110542814
1564,1.2076671110542814
1565,1.2076671110542814
1566,2.3513123218355885
1567,4.5888385267566125
1568,5.005706832048706
1569,8.002025985633926
1570,4.894455009699909
1571,4.894455009699909
1572,6.527025058932081
1573,5.005706832048706
1574,5.913036992137622
1575,5.913036992137622
1576,6.527025058932081
1577,6.527025058932081
1578,10.69341569904424
1579,4.967344824817055
1580,0.0831925375771976
1581,-0.0014471726604407
1582,9.754090510458663e-05
1583,9.754785633621202e-05
1584,9.159581694112112e-05
1585,9.159581694112112e-05
1586,3.2313265925082666
1587,0.8267031366759564
1588,2.781560310813857
1589,1.2076671110542814
1590,2.781560310813857
1591,4.5888385267566125
1592,1.8833625339933704
1593,5.688093097877153
1594,4.324341683079932
1595,10.735412857047889
1596,3.0679289350655754
1597,4.324341683079932
1598,6.476757756552857
1599,6.476757756552857
1600,2.1407942402500217
1601,4.324341683079932
1602,4.623111217646308
1603,6.298180792206717
1604,0.0074471324390056
1605,-1.5788037120956196e-05
1606,0.0001018509373228
1607,9.159581694112112e-05
1608,9.69774243923267e-05
1609,9.69774243923267e-05
1610,4.228064339844439
1611,0.914020766799717
1612,0.914020766799717
1613,0.914020766799717
1614,0.914020766799717
1615,0.914020766799717
1616,3.565246155854837
1617,3.565246155854837
1618,3.565246155854837
1619,15.168558755840603
1620,7.313904067661213
1621,1.5044999005791475
1622,2.214066678311984
1623,9.34138385119367
1624,1.597760352201709
1625,1.9343612681019824
1626,3.0679289350655754
1627,5.977342929204641
1628,-0.0237900718346952
1629,-0.0011283835968416
1630,0.000161216665422
1631,-1.5788037120956196e-05
1632,9.69774243923267e-05
1633,9.69774243923267e-05
1634,7.112365400867656
1635,-0.0901876098741572
1636,7.313904067661213
1637,-0.0901876098741572
1638,1.7680562199297611
1639,1.7680562199297611
1640,1.6676895166524572
1641,7.220795371417381
1642,3.979581304070107
1643,4.484892701124431
1644,6.391177714646632
1645,1.0758363692251875
1646,5.662844495259286
1647,6.391177714646632
1648,0.2637425072483785
1649,2.434883764208043
1650,1.0876332126191997
1651,-0.0141766041030897
1652,0.0831925375771976
1653,0.000161216665422
1654,0.000161216665422
1655,0.000161216665422
1656,9.159581694112112e-05
1657,3.654724395245027e-05
1658,5.5798242413352765
1659,0.5637380237939068
1660,0.9411244955322212
1661,0.9411244955322212
1662,10.161289484600234
1663,1.9560126077868247
1664,2.635202799011798
1665,5.005706832048706
1666,4.5888385267566125
1667,10.707419724038855
1668,5.005706832048706
1669,3.979581304070107
1670,6.264011773218656
1671,7.597449481228693
1672,5.662844495259286
1673,0.9411244955322212
1674,2.434883764208043
1675,3.4484600812515462
1676,0.0265822967069433
1677,-0.0004649402054094
1678,9.69774243923267e-05
1679,9.159581694112112e-05
1680,9.159581694112112e-05
1681,0.000161216665422
1682,7.597449481228693
1683,0.2637425072483785
1684,18.928092640829057
1685,8.482384249779289
1686,8.482384249779289
1687,8.482384249779289
1688,10.67269369964088
1689,10.864081310609231
1690,8.703359730256755
1691,10.864081310609231
1692,7.597449481228693
1693,6.298180792206717
1694,3.979581304070107
1695,1.7958755946211853
1696,1.8104666615609184
1697,4.061525884638222
1698,4.061525884638222
1699,6.670742398939519
1700,6.391177714646632
1701,-0.0246833255488408
1702,0.0001018509373228
1703,0.0001018509373228
1704,9.788250914885536e-05
1705,9.69774243923267e-05
1706,1.6676895166524572
1707,3.918537211852634
1708,3.918537211852634
1709,3.048800444792328
1710,3.048800444792328
1711,3.048800444792328
1712,3.048800444792328
1713,3.048800444792328
1714,7.112365400867656
1715,11.024217255782398
1716,11.973589219157732
1717,11.024217255782398
1718,7.313904067661213
1719,4.659066108962015
1720,10.69341569904424
1721,10.69341569904424
1722,3.979581304070107
1723,5.556620763792481
1724,5.662844495259286
1725,-0.0014471726604407
1726,3.654724395245027e-05
1727,3.654724395245027e-05
1728,9.788250914885536e-05
1729,0.0074471324390056
1730,1.2981252236521934
1731,4.274937817837627
1732,4.537457370044889
1733,15.054158954853811
1734,4.1375574452723445
1735,4.204400015770191
1736,4.204400015770191
1737,4.1375574452723445
1738,10.161289484600234
1739,10.69341569904424
1740,10.69341569904424
1741,15.054158954853811
1742,4.905728614143346
1743,10.161289484600234
1744,10.735412857047889
1745,4.204400015770191
1746,3.4415098437101364
1747,2.781560310813857
1748,2.434883764208043
1749,0.0001018509373228
1750,9.753010784529164e-05
1751,9.708747732388764e-05
1752,9.753010784529164e-05
1753,0.0074471324390056
1754,1.3760528898757496
1755,1.5830324895547443
1756,1.9560126077868247
1757,5.688093097877153
1758,4.274937817837627
1759,6.722995975205803
1760,2.635202799011798
1761,2.635202799011798
1762,4.967344824817055
1763,6.722995975205803
1764,9.34138385119367
1765,2.645612062041573
1766,8.002025985633926
1767,9.407737627861811
1768,3.8281765723168246
1769,15.168558755840603
1770,2.540704812626231
1771,0.9282577855944943
1772,2.540704812626231
1773,0.0001018509373228
1774,9.754785633621202e-05
1775,9.754090510458663e-05
1776,9.754090510458663e-05
1777,-0.0728209428391461
1778,0.9411244955322212
1779,0.9411244955322212
1780,9.319269934423676
1781,3.8923885862479537
1782,4.061525884638222
1783,3.8923885862479537
1784,3.8923885862479537
1785,4.061525884638222
1786,4.41691291345517
1787,6.670742398939519
1788,5.36345403254156
1789,5.977342929204641
1790,4.967344824817055
1791,2.645612062041573
1792,1.5044999005791475
1793,1.5044999005791475
1794,10.051514130743374
1795,1.5044999005791475
1796,0.914020766799717
1797,9.754090510458663e-05
1798,9.754785633621202e-05
1799,9.751948340578738e-05
1800,9.754090510458663e-05
1801,3.654724395245027e-05
1802,0.914020766799717
1803,4.706710781607791
1804,2.1407942402500217
1805,9.34138385119367
1806,2.3513123218355885
1807,10.67269369964088
1808,12.221686161080436
1809,12.221686161080436
1810,12.221686161080436
1811,10.67269369964088
1812,7.868046962928517
1813,5.254403372267709
1814,1.9343612681019824
1815,1.9343612681019824
1816,1.6676895166524572
1817,1.597760352201709
1818,1.597760352201709
1819,1.597760352201709
1820,0.914020766799717
1821,9.754785633621202e-05
1822,9.753010784529164e-05
1823,9.754785633621202e-05
1824,0.0001018509373228
1825,0.0831925375771976
1826,0.9411244955322212
1827,0.9411244955322212
1828,7.34845917420287
1829,2.214066678311984
1830,2.214066678311984
1831,4.706710781607791
1832,2.214066678311984
1833,2.214066678311984
1834,6.527025058932081
1835,6.527025058932081
1836,10.051514130743374
1837,2.1557899421505966
1838,4.706710781607791
1839,4.706710781607791
1840,3.8281765723168246
1841,3.979581304070107
1842,3.8281765723168246
1843,3.8281765723168246
1844,7.34845917420287
1845,-0.0226806241281878
1846,-0.0014471726604407
1847,9.754090510458663e-05
1848,9.754090510458663e-05
1849,-0.0004649402054094
1850,0.6325978317966557
1851,11.79623185328649
1852,11.79623185328649
1853,5.556620763792481
1854,6.670742398939519
1855,5.556620763792481
1856,5.556620763792481
1857,5.556620763792481
1858,11.79623185328649
1859,11.79623185328649
1860,8.703359730256755
1861,4.659066108962015
1862,1.9560126077868247
1863,3.8923885862479537
1864,5.36345403254156
1865,5.36345403254156
1866,5.36345403254156
1867,5.36345403254156
1868,1.1845240757169024
1869,-0.1385914999632042
1870,3.654724395245027e-05
1871,9.754090510458663e-05
1872,9.754090510458663e-05
1873,-0.0246833255488408
1874,2.645612062041573
1875,4.948232561660467
1876,2.1557899421505966
1877,2.173685639473633
1878,5.005706832048706
1879,7.261591750658587
1880,8.569700668866535
1881,8.569700668866535
1882,8.569700668866535
1883,6.264011773218656
1884,5.556620763792481
1885,5.662844495259286
1886,8.621972783395503
1887,0.5637380237939068
1888,5.254403372267709
1889,8.953678160801392
1890,2.2262973846636096
1891,9.319269934423676
1892,10.864081310609231
1893,-0.0728209428391461
1894,3.654724395245027e-05
1895,9.754090510458663e-05
1896,9.754090510458663e-05
1897,-0.0011283835968416
1898,4.706710781607791
1899,6.298180792206717
1900,3.947873263695549
1901,3.947873263695549
1902,4.41691291345517
1903,1.7958755946211853
1904,3.947873263695549
1905,3.947873263695549
1906,10.707419724038855
1907,6.476757756552857
1908,4.623111217646308
1909,4.623111217646308
1910,4.706710781607791
1911,4.706710781607791
1912,2.1557899421505966
1913,0.4708486789386608
1914,0.4708486789386608
1915,5.556620763792481
1916,2.540704812626231
1917,9.788250914885536e-05
1918,9.159581694112112e-05
1919,9.754090510458663e-05
1920,9.754090510458663e-05
1921,-0.0141766041030897
1922,2.635202799011798
1923,4.537457370044889
1924,1.6788161988366572
1925,1.6788161988366572
1926,1.6788161988366572
1927,1.6788161988366572
1928,4.274937817837627
1929,3.918537211852634
1930,1.2076671110542814
1931,6.094974889335721
1932,10.051514130743374
1933,1.7958755946211853
1934,4.706710781607791
1935,4.706710781607791
1936,1.7958755946211853
1937,1.7958755946211853
1938,1.7958755946211853
1939,1.7958755946211853
1940,5.5798242413352765
1941,0.0831925375771976
1942,-0.0246833255488408
1943,9.754090510458663e-05
1944,9.754090510458663e-05
1945,0.0074471324390056
1946,2.2262973846636096
1947,7.220795371417381
1948,11.973589219157732
1949,10.161289484600234
1950,1.2549693373043072
1951,1.2549693373043072
1952,4.948232561660467
1953,4.948232561660467
1954,4.948232561660467
1955,8.621972783395503
1956,8.953678160801392
1957,2.3513123218355885
1958,5.556620763792481
1959,5.556620763792481
1960,0.4328051609807236
1961,0.4328051609807236
1962,0.4328051609807236
1963,0.4328051609807236
1964,9.407737627861811
1965,9.754090510458663e-05
1966,9.754090510458663e-05
1967,9.753010784529164e-05
1968,9.754090510458663e-05
1969,-0.0226806241281878
1970,4.484892701124431
1971,0.9411244955322212
1972,6.485748136621054
1973,7.34845917420287
1974,4.948232561660467
1975,0.5637380237939068
1976,7.261591750658587
1977,2.540704812626231
1978,2.540704812626231
1979,9.34138385119367
1980,8.002025985633926
1981,5.688093097877153
1982,7.883094419111783
1983,7.883094419111783
1984,4.204400015770191
1985,4.204400015770191
1986,3.8281765723168246
1987,3.8281765723168246
1988,0.5637380237939068
1989,0.0074471324390056
1990,0.000161216665422
1991,9.754090510458663e-05
1992,9.352935546849358e-05
1993,3.654724395245027e-05
1994,3.4484600812515462
1995,0.9411244955322212
1996,2.540704812626231
1997,-0.1385914999632042
1998,3.4484600812515462
1999,2.434883764208043
2000,1.0876332126191997
2001,0.5637380237939068
2002,2.173685639473633
2003,2.434883764208043
2004,5.662844495259286
2005,2.645612062041573
2006,1.1845240757169024
2007,1.1845240757169024
2008,0.0005223073357249
2009,0.0005223073357249
2010,0.0005223073357249
2011,0.0005223073357249
2012,4.948232561660467
2013,0.0074471324390056
2014,3.654724395245027e-05
2015,9.753010784529164e-05
2016,0.0001018509373228
2017,4.228064339844439
2018,5.688093097877153
2019,2.781560310813857
2020,1.2076671110542814
2021,1.2076671110542814
2022,1.2076671110542814
2023,1.2076671110542814
2024,4.623111217646308
2025,1.2076671110542814
2026,1.2076671110542814
2027,1.2076671110542814
2028,1.2076671110542814
2029,1.2981252236521934
2030,2.2214759903328387
2031,3.2313265925082666
2032,1.2076671110542814
2033,1.2076671110542814
2034,1.2076671110542814
2035,1.2076671110542814
2036,8.621972783395503
2037,0.0265822967069433
2038,-0.0011283835968416
2039,9.69774243923267e-05
2040,9.159581694112112e-05
2041,-0.0141766041030897
2042,8.220223586266668
2043,2.781560310813857
2044,2.781560310813857
2045,2.781560310813857
2046,2.781560310813857
2047,10.161289484600234
2048,10.161289484600234
2049,2.781560310813857
2050,12.221686161080436
2051,12.221686161080436
2052,10.69341569904424
2053,11.973589219157732
2054,4.274937817837627
2055,4.274937817837627
2056,2.387199191151608
2057,2.387199191151608
2058,2.387199191151608
2059,2.387199191151608
2060,7.868046962928517
2061,0.0831925375771976
2062,-0.0011283835968416
2063,9.69774243923267e-05
2064,9.69774243923267e-05
2065,0.0831925375771976
2066,10.67269369964088
2067,1.2981252236521934
2068,4.905728614143346
2069,4.905728614143346
2070,4.905728614143346
2071,9.34138385119367
2072,5.005706832048706
2073,4.706710781607791
2074,10.735412857047889
2075,10.161289484600234
2076,15.054158954853811
2077,5.913036992137622
2078,4.659066108962015
2079,4.537457370044889
2080,2.1407942402500217
2081,1.0758363692251875
2082,0.9411244955322212
2083,3.565246155854837
2084,0.9282577855944943
2085,-0.0237900718346952
2086,9.788250914885536e-05
2087,0.000161216665422
2088,9.352935546849358e-05
2089,0.0831925375771976
2090,0.4708486789386608
2091,0.2637425072483785
2092,0.9411244955322212
2093,1.6008247166617828
2094,5.662844495259286
2095,1.0876332126191997
2096,1.6008247166617828
2097,4.228064339844439
2098,9.407737627861811
2099,15.168558755840603
2100,9.319269934423676
2101,8.482384249779289
2102,4.274937817837627
2103,1.5830324895547443
2104,1.3760528898757496
2105,5.662844495259286
2106,1.0758363692251875
2107,0.9282577855944943
2108,0.9411244955322212
2109,0.0831925375771976
2110,9.352935546849358e-05
2111,0.000161216665422
2112,9.754090510458663e-05
2113,0.0265822967069433
2114,2.781560310813857
2115,1.8833625339933704
2116,4.1375574452723445
2117,4.1375574452723445
2118,4.1375574452723445
2119,4.1375574452723445
2120,4.1375574452723445
2121,4.1375574452723445
2122,7.883094419111783
2123,18.928092640829057
2124,18.928092640829057
2125,8.220223586266668
2126,7.313904067661213
2127,4.706710781607791
2128,5.688093097877153
2129,3.0679289350655754
2130,7.313904067661213
2131,11.024217255782398
2132,1.2981252236521934
2133,-0.1385914999632042
2134,-0.0011283835968416
2135,9.754090510458663e-05
2136,9.753010784529164e-05
2137,-0.0004649402054094
2138,0.5295067701591073
2139,2.13040151097928
2140,1.597760352201709
2141,5.662844495259286
2142,4.484892701124431
2143,2.434883764208043
2144,1.2549693373043072
2145,7.261591750658587
2146,26.30068625804032
2147,26.30068625804032
2148,10.67269369964088
2149,7.34845917420287
2150,6.485748136621054
2151,2.2262973846636096
2152,2.2262973846636096
2153,1.2549693373043072
2154,0.5637380237939068
2155,4.706710781607791
2156,1.7958755946211853
2157,-0.0226806241281878
2158,9.754090510458663e-05
2159,9.788250914885536e-05
